1 28 28
CN 2 2 sigmoid
FC 10 softsign

-0.4543145345505777
-0.8963579949288805
0.3133906701498146
0.7421093701631627
-0.3898088980362371
0.7854497068767927
0.8296242748347118
-0.19662957779214008
0.6892074518661451
0.42764641702231065
-0.1321580607040631
-0.20408233876734938
-0.04937333678590283
0.29292212988214184
0.3136482512999801
0.6799486685988367
0.40371179390392986
-0.46082611782200567
0.6700110128834653
-0.5102059935858527
-0.31930107116621054
0.9330924830149947
-0.4442366896349501
-0.4767796356388252
-0.3879628593056317
0.8673406725179864
0.5832134739181503
-0.36604349541204195
-0.20182305771424147
0.273841694027515
0.592942518672992
-0.2658280416663077
0.0699470469108543
0.47561284865717757
0.8671993929315573
0.49697399784609897
0.8300971870501914
0.03814057911153612
0.2751966116151656
-0.922912479737195
-0.6131480643627818
-0.7172160019699629
0.1429453131277214
-0.40029519757950616
-0.38360869207779835
-0.04676042497099564
-0.9229170354737426
0.6904965621399246
-0.5198251916058603
0.16504121956703943
0.37926520137784103
-0.6550258794414081
0.951132479573433
-0.15982919466000212
0.38009489761953263
-0.7188886342622971
0.31404936362289226
0.9757679411828397
-0.7015406119082335
0.5699651658940947
0.5423331360683787
0.6430685323877054
-0.7981205851906741
0.809166347725174
0.23316685359113998
-0.6378817798045509
-0.7332195356663191
-0.3556863475236349
0.44775028189600663
-0.723377271043731
0.5744828546970895
-0.2788550816337494
0.15842542230211376
0.9783200140031141
-0.09022983873024959
-0.3923998829027864
-0.6711456641336078
-0.024678835924350384
-0.36918762898681323
0.6966513012404298
-0.2764323737649528
-0.44959536754919616
0.006280299440357684
-0.5933043456814207
0.5517280777300755
-0.6377453840300376
0.7002182792310001
-0.598173141042641
-0.2553555245357795
0.786635822498913
0.31111655599390287
0.38330103156023676
0.7850474399639593
0.7901153698170635
-0.14309594521639069
-0.4855197177881525
0.37545316715703625
0.015403526402616441
-0.7091161867345046
-0.08551232516420493
-0.696089946398383
-0.8582566555348423
-0.23464936368982747
0.655805718098599
-0.8463188999429572
-0.7376948142390571
0.660042981989228
0.32711686564521925
0.9911204734076158
0.7106444457400767
-0.18666436505430828
-0.5545321685350504
0.7127232106464663
-0.9312317795653935
-0.5980791461336463
-0.7824196981922249
0.919914752691319
-0.40717621130294446
-0.3452508656083697
0.03562190979224855
0.8127598453225326
0.23369529750322537
0.9170470854816499
0.6544029083732503
-0.39440167144449867
0.1082324732001374
0.28087275170949666
-0.13169670139364253
-0.4120467504394507
0.5786232013109027
-0.17586942370708125
-0.20209869297418148
-0.8112427957641068
0.8619709056422109
0.515223372495984
0.8341304690650944
0.6511542781359909
0.05822933744107228
-0.9362010314934561
-0.7220662590064031
-0.05137380759152821
0.004285547826418767
-0.4268962241275007
-0.9827401730923764
-0.022594936018165868
-0.605278277507169
-0.28092672178420064
0.8668946796609258
-0.13843710136005716
-0.2835664247515062
0.2686474844499125
-0.9087220143397143
0.25456741221853396
0.5290328639502664
-0.7528182931072336
-0.5882702040071908
-0.8339839798082735
0.7880190782185368
-0.05789878954238259
-0.028243816557366186
0.37498475561571
-0.7848025326553989
-0.153534618395198
-0.7133569825774566
0.6989427099171832
0.03040054651380042
-0.45742553854599244
-0.45896865665220865
0.3256408129843953
-0.569384729074746
-0.5767756084479994
0.5482020696506444
-0.11684622094814023
0.0470117550130873
0.6279569104611649
-0.07081411495364343
-0.05464665924023504
0.9504933377773823
0.8133301457532223
0.41743256035061194
-0.33053052565745156
0.45145495323158547
-0.5199548353505392
0.5087420185833269
-0.5169054222701752
-0.8800279684937082
0.3802826268994153
-0.7154480268267625
0.5524015119781045
-0.19911444618398555
-0.552782281703214
-0.46773057689732234
0.9503541060336045
-0.11588286781392787
0.7388518148435916
0.9219978133467619
-0.2263396808559237
0.031963826555074126
0.816101447527668
0.6285428341736672
0.10019375418342169
0.7207674547430876
-0.8664559850794711
0.5854939071374967
-0.47049118126533984
0.005699136221508416
0.7862018894626788
-0.9176159359104634
-0.9477945180770184
0.19195802512792626
-0.6535515301641057
0.4956439668469259
-0.16046083958483393
0.9553291698384978
-0.6068324327363555
-0.6917177871636131
0.7913287719520026
0.5844082310603016
-0.1590815476449654
-0.39884683048782854
0.006639852432872795
-0.7094997294521523
-0.44501604712604026
-0.7815615345412614
0.9452409769378289
-0.38349869851158536
0.015445977359107799
-0.6466949576932426
-0.9090377224891486
0.02014125377445075
0.8138626063896937
-0.40389769259611485
-0.05548016474702622
-0.2126376819470306
0.3819295180307192
-0.1601795504718022
0.7051416549949971
0.126784340620423
-0.08737309875926647
-0.4086638878013451
0.1605700051441321
0.6354194243581803
0.19625414405008113
-0.2159964163952497
0.24218924967665423
-0.5551038031934958
-0.7348136344838874
-0.9890053935280028
0.002259712117524071
-0.08390702802136896
0.8740280072378366
-0.4373014775978241
-0.45259954753696485
-0.9923642607222822
0.6734377022895985
-0.45206946777397006
0.21851012767958666
-0.019701589186779556
0.6585407141166482
-0.5694527542895069
0.30554928442684015
0.027616203194200883
-0.6097880830207663
-0.035527706912994894
-0.41969824060984307
0.7644180528432412
-0.8926650743008451
0.928983251963085
-0.22456458071695207
0.3049170827622123
0.3244583998495336
0.795550440625804
0.45377143226868477
0.06197349425984
0.931559114634466
0.6617160909205626
0.11163564881813759
0.059210477812665196
0.5445861241406789
0.6076083010928952
0.31468781976856985
-0.2769905230077634
0.1949034174005133
-0.14404371315736753
0.27866767278799376
0.7266493920409243
-0.005246481678594206
-0.7595604415096309
0.7497348771096086
0.4645729422113132
-0.2526418588759267
-0.1655548958482902
-0.5113310358864347
0.2549045094155211
-0.3493697556725017
-0.21660162568807118
0.9459138345456297
-0.5614590386343055
-0.5340617901992111
-0.6523101745320006
0.5339965511546545
-0.8454635298356723
-0.47033963101917675
0.4783353496981191
0.2382534763247821
-0.5300174729305995
-0.09712017803699058
0.20768814877267072
-0.5952246513632755
-0.19896128103392208
0.6277855397028456
0.28712204003819064
-0.461487113658992
-0.8075648824620947
0.524443062310697
0.24008157929795737
-0.11498133533295074
0.3772556846710102
-0.587403633214225
-0.8853045936946751
-0.0001979357430637041
-0.60280988655563
0.6757000670705797
-0.0833375300458985
-0.9427027473819649
0.45748766962708487
0.9892008309480718
-0.8039894525702063
0.612085978786733
-0.7724757452792166
-0.48732948957411715
-0.12421514805200262
0.5649397092420589
-0.3041341586742894
0.5300337044888499
0.1776530622005008
0.7184512177161275
-0.6520745194214301
-0.029452552475417226
0.5996315945859292
-0.04590229576303706
-0.6870658008642592
-0.16284661416080892
0.00455333573130523
-0.10721551712134003
-0.4676816339245127
-0.9123390196171957
0.7687833394286105
0.026896134812051775
-0.3232852119434335
0.5418175798225611
0.2083996806130557
-0.7420798635674157
-0.1451802263331936
0.9086564115956404
0.7292746145857356
-0.0022272144240254033
0.21032208791780138
0.97987356133061
0.5042182942284976
0.6885500193115712
0.6646910864907962
0.45983564645713404
-0.04183178773369245
0.04702495818238339
-0.24439494253937544
0.4065444965788707
-0.5277589665683227
0.8734540921304259
-0.6492174433760827
-0.9716464950111079
-0.8127588474080338
-0.7964848858423623
0.04885819120074286
-0.7733047492437926
-0.2514041438926047
-0.261326983929663
0.8160961478204303
-0.5957088607143033
-0.8599001261230164
-0.23920750998889861
0.7690429135059582
0.003119655824481704
-0.8975832392675427
-0.45620092520326594
0.9850660129543491
-0.5868877528378931
0.8220507364553731
0.4153557846107736
-0.2935273945522452
-0.922179834943641
-0.11897924208050026
-0.018943632232775398
-0.6090011709002472
-0.2773402302615029
-0.18923563134420718
0.7847596383445112
0.7893788512484998
0.04972532638808458
-0.5630232272860058
-0.5597489711261234
0.08707038621781482
-0.8707485477400057
-0.9764065199567726
0.9572147059542622
0.5368698223466697
0.13436772327880253
-0.7893777748291426
0.08457349348643373
0.8195047142889882
-0.6920954660299516
-0.6934574390817354
0.8829645121538874
-0.4490832674176872
0.07086891054832112
0.26119449365361547
0.9031686425044829
-0.2918014863888774
-0.48516328492491567
-0.8393292191861697
-0.005907090154465333
-0.09898025306436087
-0.9603025777284442
0.801191238889728
-0.840157211791307
0.11361445731009456
-0.6058686607421653
0.7339635497829677
0.8933367491101527
-0.2660772256543247
0.7231459961368489
0.930060067017926
-0.01662520202221729
0.6223823477994985
-0.7832683705057037
-0.03807396014324582
-0.3822057055507746
0.36542777971824325
-0.8067670535909446
-0.9601330509370063
0.7390073455421151
0.27920095998160166
-0.9543316715488266
0.6007343419748494
0.022405707674720166
-0.16191772437885366
0.6783049252440665
-0.4754399051348668
-0.8866223922478849
-0.7373998870001421
-0.5362128986475023
-0.39153330489036176
0.7553372455706093
-0.6500467916682189
0.6872950660529218
-0.3011614000761407
-0.7792554950339527
-0.8679919095526745
-0.7322287589152257
-0.9624245049108098
-0.8313354395617787
0.2412082673032292
-0.9952150278611547
0.26068284807757025
0.9134167979238221
-0.15988626655717297
-0.8609140248292562
0.5146408149683694
-0.6932640082135104
-0.52483995639157
0.7776482249105248
-0.09044524289682854
-0.40116038399694864
0.650790619316495
0.07079198926235097
-0.2659581771104045
0.3942299967145573
0.1710242509326425
0.51376211727775
-0.02280815803062408
0.3188528074332315
-0.28583092307917135
-0.1418513471737899
0.8219731034570321
0.9669564487095312
-0.838735994876493
-0.6930967422677088
0.6553496988048966
0.7831551196932376
-0.26962789563891043
0.2237254256813872
0.23627523854573096
-0.9771789430774291
-0.16106302799940297
-0.3588328656562667
0.3981551235730916
-0.9540244622161744
0.5990678546954662
0.9094526234185427
0.6856860321548042
-0.14003644952503325
0.08411898407881258
-0.49448454813268183
-0.732473301954681
-0.05944363364636707
0.36960613999423897
-0.0631644701929237
0.21962220465217475
-0.9970876262198276
0.030679736125487134
0.15332646165807096
-0.7549766012329495
0.5376333038312473
-0.7536843337678469
-0.166826000400091
-0.670236732853907
-0.6017805350328844
0.8910037332201222
0.6119845062375782
-0.025135096126477796
-0.32178565185885555
0.3670008488227843
-0.8461624543308413
0.018440470861614378
-0.22472500411565455
0.16678271414055312
0.09283620898565581
-0.9686753163932069
-0.06544178561121727
-0.3771279100181373
0.2749755137630614
-0.37131332921647187
0.6896811053940368
0.5521232838258308
-0.5614989590097383
0.7905669283247274
-0.8337348468466839
-0.92802134682779
0.4836457365396234
-0.23600311682480113
0.147320252472656
0.36521234052107365
-0.34639837880589774
0.03855842292059575
-0.7780322342676693
0.17292173695041702
-0.4400517259761001
0.9460238719519964
0.1963193612094416
-0.8816482033066084
0.6458670752555453
-0.9849102555117986
0.8496434253657099
0.6164180339784839
0.2514459821784325
0.8084480979821302
-0.9423553423282693
-0.3292230939023115
-0.5367659360254224
0.4960052546699112
-0.5304848842213061
0.08416011238626142
0.3528481837267632
-0.8012198409256617
0.529492313803297
0.6481189179820865
0.7553839139835592
0.47358128214642337
-0.8111504694045271
-0.7118504850008951
0.899846909211228
0.3054746189546824
0.25373348840776133
0.44330762617408825
-0.457049557285915
0.0048702048105071505
0.3199488161789963
0.7027467214748462
-0.6273247187627757
0.707089385888358
0.8822566293340515
0.8347379616812394
0.37592820291425855
-0.5309646917810424
-0.8374669439352573
0.959541146782386
-0.8826706202836561
0.7224991466660107
0.41058454784090803
0.7981903432910527
0.3630507465447048
0.21752780959485118
-0.09055853422517801
-0.04143609918855429
0.6151582482427445
-0.4994766581645238
-0.6317634841842896
-0.3428861522976405
0.4302411836438236
-0.2733272919337191
-0.31330708524642303
0.5088061064881622
0.7567008580625432
0.04202571281445677
-0.5688282379032299
-0.15161659634232016
0.20690817838922038
-0.47527016834945157
-0.05014778147478616
0.7281672659608183
0.6742100330095606
0.9923017256778519
-0.6609231026761553
-0.39733335810629056
0.6094444729168158
-0.2449669807105066
0.42944516523649323
-0.4538399494386227
0.6302450361838774
0.4471509776088016
-0.7617927522851313
-0.9268939900046009
0.8350199903784685
-0.0060874123452696605
0.8452406304136182
0.7757896941519484
-0.9151234726303805
-0.8495370582993003
0.9506335438358706
0.4115192380005077
-0.19163160567356674
-0.07077390300094821
-0.8542807771797798
-0.8007638733170244
-0.8566191902263016
0.9321796021325994
-0.8982434569954323
0.45896868580594186
0.41635308774754654
-0.40333629289760053
0.21093176613076015
-0.17274811481543795
-0.4206612618302752
0.35787752551679475
0.15304759679091062
0.9158042461150813
0.7009006956638837
-0.7206453392498051
0.5849732166381894
0.8958470231854565
0.2543688901663077
-0.5133803286772602
0.8993176957424207
-0.5941518708106928
0.5475613414792684
-0.12598743293512737
-0.7178296089863512
-0.013462562868322925
0.547016847615547
0.20645835697615977
-0.009880926977957172
-0.8214480575177785
0.6330306557905254
0.7757068773702385
0.7333355963725392
0.9983079203645759
0.08055897810687429
0.7659424507737271
0.3274759361013364
-0.5714819333858387
0.8640261788997874
0.10436767019477422
-0.07713540436958577
0.6153275096851374
0.3574971226517578
0.29954035481589836
-0.30921935275844614
-0.6138738297791244
-0.8377897628648696
-0.6199013497512982
-0.493119979485648
0.6924142814091578
0.6019378310488595
0.8903523358638479
-0.044197957212388506
0.8550168235980355
-0.5684717440075244
0.12529704787840346
-0.7676607876871928
0.9765579336666632
-0.8205707077295958
-0.6984053071572272
0.8419617091085558
0.33410955301936474
0.9477931432601641
0.1324691079470608
-0.649456402113983
0.5758094106461795
-0.8317328045028562
-0.2433815979920444
0.21724850227906645
-0.48732649521407057
-0.056646494883483944
-0.026275660621756236
-0.22212770277426808
0.58579382493923
-0.21068266003176772
-0.7753228835726904
0.9095775007373734
-0.23619221901426823
0.5755219033863641
0.9865347554645907
0.22233452609185544
-0.8954435881508389
-0.45962568131087345
0.9110310775171873
0.07266737271337798
0.8141050344293934
0.7824089255548472
-0.5055479994068628
0.1326898095691269
0.42350285978948365
0.9722087285623715
0.41693255663897055
-0.2195541322144774
0.34562950288943295
-0.16004821652424828
0.7695920100998825
-0.5751460555552845
-0.6108933632603948
-0.5234464042192346
-0.17205700327935403
-0.45320482381471017
-0.44169174537835065
-0.8407997363803115
0.6871943228671078
-0.9053942992569961
0.572759142495854
0.5186050907861774
-0.0926919112761928
0.9385599526507933
-0.2069769354132467
-0.6302184124167687
-0.3889066863857311
-0.14087004882945164
-0.5515003448132605
-0.527493162869616
0.5761709668215362
-0.04650601507375307
-0.40189507224209353
-0.4630710010703778
-0.7427598347114381
-0.13356361284392504
-0.02579503632246616
0.33400795957402707
0.20144692735943548
0.2912623503117202
-0.7369231844318818
0.24559473441037305
-0.7875763555389308
0.4986119588227558
0.4565849876005128
-0.24822647401869413
-0.5228481771177587
-0.19691352237829673
-0.026020274322048564
-0.45686587282433
0.043155959537086286
-0.3488720515201389
-0.01663094051604541
-0.9770060852931712
0.23285775399563224
-0.5505859998338722
-0.43180129816549595
0.6993788216812289
-0.011394084357140066
0.2890231739626328
0.48167629596105854
0.5357619927925603
0.12716059421387693
0.5541030181069417
0.5245468461543163
0.5125044072964404
0.26653073111069703
0.9047954164925014
0.07141310089977182
-0.21701150025768356
0.3252778601489035
-0.7125463116893258
-0.9699917384066257
-0.6753949053639872
-0.8568297755094172
-0.6279206952076477
-0.09268676072939197
0.39394965473775034
-0.19540096647943694
0.9419787080229955
-0.6691374743751313
0.6304043449764798
-0.3044584644127719
-0.1571972308885894
-0.23576171981796046
0.9790794194042138
0.27806291950382467
0.38994661237434736
-0.42694172678425146
0.47920414990025506
0.29659881489373463
0.08921440856285323
0.6611292693004227
0.7747788417032002
0.02609573152273148
0.9310975376104833
-0.708630198604411
-0.4086671518228908
0.40257744182515887
-0.45439970402668695
-0.4956116233353822
-0.47114460386847523
-0.8866613584479188
-0.9322849323118529
-0.8817185349948478
0.8530473939836962
-0.9605532017235339
0.15669996540781517
0.4190134946985482
0.5230821544190374
-0.43080659054302184
-0.7528098401877126
0.5662560636838585
-0.5368847566096269
0.3167035728684875
-0.3226381230044162
0.6648160064976949
-0.2424291408149586
-0.7240328120614281
-0.5865726355500698
0.28522454159685995
0.31282135856078797
-0.437945575566278
0.8548329923480886
0.928992819547199
0.21442586465347624
0.07839744732724374
0.48419854300374876
0.3220513111730885
-0.5241194295408373
-0.09791358449582543
-0.9010326475264454
0.769705466287973
0.6711425155885964
-0.12012101290915767
0.8479499251466078
0.8117459106988139
0.6478635894243037
0.8522607308836865
-0.23932250959447554
-0.5500299241890998
-0.3668614892155133
0.39672571755768726
0.4006762240051085
-0.74066238298929
0.09172404523235356
-0.2901602574771598
-0.09000006323889664
-0.05090058502098338
-0.016529860003164698
-0.8140231622210483
-0.11179620384168176
-0.9870066544903442
0.8366191064524786
-0.2518432024692139
0.17992303035707846
-0.2588700285218277
-0.6300998080062334
-0.19310086939343352
0.7175028885809278
0.4800499660379256
-0.8112457657368093
-0.44074633631144766
0.9459801410877169
0.4560688553939325
0.49126715603033344
-0.06559319231516336
0.7454186230457338
-0.8172957739307896
0.012909694425278895
-0.09734361707086303
-0.6561243994394177
-0.07180381272248382
0.6327987170433573
-0.47515346370381883
0.014607074361505212
0.9164486483610121
-0.7736497651532936
0.7808141092096328
0.3742103244725603
-0.944630139091015
0.9357033107657964
-0.9093100545835722
-0.7822995665001458
0.8449584645449291
0.7219863996854206
0.6732063734133191
0.20199327148603952
-0.30523722160693967
-0.5754594426877773
-0.45433182868634825
-0.5056576117030207
-0.5118121918742358
-0.6681557866021275
0.006882682810621432
0.22633797920603427
-0.6308022512219456
0.2076496425111496
0.14636890718818085
0.6611874623018319
-0.5015782267155009
0.8979138262867992
-0.8348607975611433
0.5933488518631143
0.5864999034218221
0.7755114681251924
-0.3406590885424414
-0.07894682276179221
0.31386732715913324
-0.8963058084374076
0.7441813231487744
-0.33135859148889146
-0.5856676527853961
-0.16197220066575424
0.35945068797004986
-0.746012820492211
0.524058629344266
-0.6945315831312777
-0.811603381458367
-0.11590125943840479
-0.21795139672646124
0.8278324748491674
-0.3109530081314724
0.10283547755965894
-0.08073826406792084
0.10962867938091558
0.014607314212406575
0.7383148038568845
-0.404479836518975
0.7998513353713335
0.37340071401458363
0.6212829959928015
0.5565075544157134
-0.4556215378694588
0.6162658779195771
0.6131185876286087
0.948432104900141
-0.6781886537906388
-0.38095864572311355
0.5246514389854025
0.14677729896864466
0.6363293520301165
-0.2425642406321955
0.9306526313677383
-0.2162331630106491
0.7770535530120084
0.2650937658572834
0.4556264139704125
0.9502698568576138
-0.46310174911261726
0.6231937712451094
0.9241522082867797
-0.964437091251716
0.6845302035671841
0.040270884006781804
0.06284822971241133
0.8581477075041257
0.09793290928483689
-0.1820612567118831
-0.05474578914453643
-0.18499462384034726
0.34061118549548786
-0.836787516594073
-0.5125824793557647
0.4588152940810728
0.37183036786051415
-0.16069060772017107
0.07412981119327733
-0.01169862555710699
-0.37791150134664653
-0.22502137141531087
-0.3654069838654692
-0.8746261680570842
-0.40919831863493505
0.34909578720498624
0.3513304027802262
-0.5683877616606021
0.3125127609494063
0.500419393780918
0.9070178230217905
-0.5352498039097953
-0.5515770128323667
0.5572827321984128
-0.42733651688205154
-0.855235296525737
0.30773087331191395
0.17623874935832418
0.5155794730367991
0.46015009452529476
0.6910533496536382
0.4066974339994971
-0.10327259519444842
0.6478262259685217
-0.6927247039914306
-0.08343881538848441
-0.6973695336339936
-0.32391077639982835
0.34206771664430025
-0.014797447323646518
-0.9650584809946172
0.9879845441833448
-0.48273109353588084
0.6653202307929842
0.6505370269576853
-0.13893729992067705
-0.9554185517674607
0.38760213252097064
-0.21328653887078897
-0.6461065269767192
0.7186742354038109
-0.15449592850952465
0.6083032050696153
-0.5425808596466231
0.32352582505303196
-0.4386533437895037
0.5072520603145507
0.4163568991525106
-0.6600072253546996
0.264885957729982
-0.921645596559383
0.702265317893511
0.767831451219837
0.10117447015340875
-0.7787871601830696
0.17689744123588635
-0.54893730413424
-0.35893202655772316
0.594714518645252
-0.08253763971526373
-0.09978696221398642
-0.6799513462236484
0.7653336670389639
0.2571836917261081
0.42081383635056047
0.7872678686033197
0.34611369447476514
0.7259463935837851
-0.5020165774574121
0.19346377390832092
-0.8375356737744102
0.4589765506177945
-0.3968180944961428
0.20961923409125482
-0.693550441337274
-0.6183039283351339
0.4291434769831015
0.7681790733814444
0.6672506317399347
0.073574218799634
0.6058855012245237
0.3417377948993492
-0.12934861593515978
-0.6240471975674557
-0.4645190982946594
-0.7166657203701459
0.23671308253586765
-0.257395113955587
-0.41147626178342245
-0.03648717827255865
0.26695530081188923
0.35759988668604303
0.7211767042530604
-0.8796321359881751
0.9286757191766868
-0.6334039302854269
0.9765011288918743
0.29670243100070937
-0.9087520234864332
0.8977079283356502
0.8717002977838793
0.4450740460221909
-0.0016409733147835226
0.7007544804523111
-0.813329557143994
-0.9978728515306723
0.9719911636957919
0.1420043754904068
0.6044958723291152
-0.6025261100635828
0.10259702883605426
-0.921227787989537
-0.7047289793187868
0.44861074391368927
-0.30933223138132093
0.7145810257484548
-0.6711672185120514
0.2878898454932868
-0.1443767799733895
0.6453747284350819
0.11739643831832902
0.0036073934491493986
-0.044749401915899156
-0.10665276749877539
-0.19631320110450545
-0.6913537165738464
-0.4725495974220282
-0.4605796333033818
-0.5477874795660755
0.36999578577228087
0.4230969853851976
0.5595904778777787
0.4012467388863339
-0.0753646166507893
0.15434891638326498
-0.6561497636295914
-0.7385540694249317
0.635931806429177
0.26834777029297774
0.1345477077002626
-0.19529209923383006
0.9596613394271256
0.862295242676677
0.9603938427347587
-0.0008077567181208334
0.12923255382077126
0.895990399519278
-0.6218756296537067
-0.8632633594969541
0.6831095374820126
0.3720147655305568
0.89512246689388
0.9423573436745258
-0.5226037385313254
-0.7228670235631849
0.06208209454289526
-0.7515564761573128
0.3191798497384404
0.01315278107836404
-0.38914287684715365
0.6680810682084695
-0.936553000619387
0.5677057220934472
0.6639877654587352
-0.7015576621767272
-0.8183367020270234
0.3354383104269574
-0.36941195551948147
-0.4739670532239715
-0.8100384444054183
-0.3311846705003869
0.14211731304713826
0.26247964046815575
-0.427905838674735
0.64259596033743
0.6501412268716207
-0.5826243928967514
-0.1302466904191768
0.5761257936539959
0.5899959832730823
-0.3799368531590861
0.7022465671907598
-0.1390674910388332
-0.2331434303664497
0.8959892986789315
0.6223965407101109
-0.6258468461169924
-0.46577143814366084
0.12544843632313007
-0.8158975090173306
-0.8255077392532859
-0.25169213251206113
0.46744176228677126
-0.7065251749037371
-0.7928486809864468
0.38915604481246624
0.30776741439578337
-0.27680064341757915
-0.6690504706872151
-0.9638564461316865
0.42043164660258947
-0.37685642160627575
-0.4973700002639041
-0.5990688482358402
0.02646592080829646
-0.23352776675076758
-0.6643159935921967
-0.05621196108131432
0.3637213836122748
0.07314475312878077
0.1386064671578624
0.8971283272440971
-0.4029592222734817
-0.8192320149082581
-0.8151926091494628
-0.8330859184979231
-0.007756066879740509
-0.04612351219724742
0.046181849186039514
-0.42920536687911603
-0.9533100722299268
-0.6621367307683188
-0.6616685129629876
-0.5362652490993856
0.992425019335055
-0.3031842624319292
-0.2854675818823118
0.04594130796897877
0.8799231679646542
-0.49600448200438896
-0.6374398471121954
0.36290001318231124
0.7775051944008635
0.07007463049631446
-0.668176357039681
-0.22402405591748464
0.6740600100411935
-0.02964617480985643
0.3205735051190184
0.38835170372949346
0.2401268596508943
-0.4723694456309133
0.35628005695586396
-0.1815796127522129
0.06257347207161668
0.9351211037092131
-0.6307793282009966
0.07462374112558212
0.5973111740013359
-0.40591213309637686
0.6385233321218373
-0.8787445709201138
0.3203215865167619
0.14214928128889404
0.7393878739625133
-0.4672694465993523
-0.20703973664435904
-0.11103817973830377
0.9034549586039073
-0.7873321978842716
-0.5615549637837021
-0.8538849103843871
0.7475636548253164
-0.6611257474974432
0.9765650111728073
-0.00017466601636884072
-0.3563747738251941
0.23155811362640666
-0.4596685370211453
-0.7359133620666127
-0.6736745899872632
0.01266690393201575
-0.4447840773765894
0.5516299528538944
0.44731747316227066
0.26954730270813965
-0.16463237200860958
0.9152629193065729
-0.8370675517459016
0.680713806963134
0.06474387914342383
-0.19304244759654976
0.5227786184157912
-0.193923683026185
-0.6758108381603707
0.12301868445349995
-0.5743306947596469
-0.3289654901135115
0.4707631574646409
-0.2739733624438676
0.353675421387754
-0.5108494024552301
-0.6748087683840072
0.6873446505684813
-0.9628545893682903
0.413808025361613
-0.5097897601550683
0.5605517486290439
-0.5124245579023325
0.3703898171567672
-0.05184957085880648
-0.47270329287769397
0.864176900267235
-0.10670266866758493
-0.9298046337362931
0.8047662448080144
0.6812456657632826
-0.5556109155015392
-0.17521156102239788
0.9061566661783711
0.0380413463273126
-0.5830872505666669
-0.26035355139845695
0.7381506932053157
0.31742336297805873
-0.36224514322972956
0.29535719835023744
-0.5951989002351146
-0.06721495325580307
-0.2529637776261804
-0.2602548490272165
0.8229609361053105
-0.3732162612018459
-0.4315335208932245
-0.02115990453719152
0.25847953469067075
-0.8661792771101857
0.2429886575577238
-0.8150239860467516
0.09223472442234715
0.9146741778887415
-0.28003758577825444
-0.27137465451168596
-0.38125336063181026
-0.031173615233012875
-0.029746324687364822
0.7747086333557573
-0.28888357875693393
0.5558039294838242
0.7166696718766412
0.4310437744887252
0.1935077148705482
0.5851868798687112
0.6162513361975555
-0.4358560032132688
-0.14538712049797375
0.23873680166795697
-0.09104693552684373
0.04794236689503251
0.8509686886026393
-0.3569098520379599
-0.9539415184377993
-0.8184298146373772
0.2690179690238781
-0.2621210871138513
0.03170554952843463
-0.2862558117839389
0.5067126284848695
-0.05624762862491539
0.7436924655241823
0.543665429003755
-0.859653007578685
0.6390379910886361
-0.35340007654464145
-0.5519026104817384
-0.18048593387129608
0.9487278919672777
-0.741723327837623
-0.39178540341082946
0.5916150642206466
-0.6263638441669044
0.23768388294522658
0.3194311873893301
0.9987511962286959
-0.9313793095331309
-0.12527463775486547
-0.13589610977225441
-0.04383052751820338
0.6035758795269006
-0.758592230105221
0.03651072117148901
0.08446717597163689
0.7895436760953412
-0.704438596737869
-0.028738989966221595
0.07425017411111767
0.36256439119715433
-0.5749856599658596
-0.6950028597963906
0.7546892406247652
0.8546155439803149
-0.418704198625643
-0.9127558350765201
0.7813269054743155
-0.5178485058020459
0.29401007733360984
0.11892863193435921
-0.7138541105362919
-0.26559703787602906
-0.7626863689122105
-0.34061390719207196
-0.4749616143256108
0.4816496280060729
0.10108063845339088
0.6913539251622676
0.36687771240105405
-0.8675033090628004
-0.7703652848272913
0.937042495151851
-0.07643841484704406
0.9554952847586282
0.9851996417203852
0.6535613916860274
0.1921287905402962
0.10462154092227038
-0.9234190335946098
0.6762915061730674
-0.49808680081986356
-0.8027852128583801
0.6139357076057004
0.8692126493109054
-0.793332610392186
0.864608554093041
0.668449569663462
-0.07382932210473614
0.28079056389450585
0.6317469243607066
0.11097259251287506
-0.9649601516213366
0.4767983404537002
-0.7494371778173414
-0.8014924101667089
0.9090777353689621
0.07173583729254762
-0.8256304736464561
0.048696360619645995
0.7336861202558331
-0.2545890899481744
0.8006298560985043
-0.07510042813357853
-0.2456620895867352
-0.6117729533625182
-0.7242099759590406
-0.8574645514127115
0.06202322165181973
0.27760257250891995
-0.35729249785140293
0.64351874691036
0.3979698999902246
0.24374293486835552
0.0768245795891278
0.5208842073122895
0.9194855984282091
-0.9333892997149733
-0.9114572790091366
0.7726480506586664
-0.23443338815609494
0.9578974746635456
-0.6869021977936891
0.32814964328625673
-0.24147146442978107
0.4694494692485349
0.327704879796453
-0.7692440072817901
-0.02490031138319382
-0.01765498031155266
-0.14814576318129502
-0.5768964679579538
0.7143515348522991
-0.7170982403448107
0.16196577312161264
-0.12938169827844015
0.17152255512767223
0.9803835535783338
-0.2608602550168171
0.3892666577533308
-0.40824093008410256
-0.5689761125592738
0.7809519582987301
-0.5294939725701318
0.6028734950367785
-0.25193769374637864
-0.06783539603967026
-0.608424253565164
0.31642556606392214
-0.022008209447087923
0.16610710205223955
0.9805341881989371
-0.8261838219882807
0.9442234371393086
0.1800183972451057
0.07419869256103007
0.9407829771093914
-0.5279208205825447
0.04275856426781033
0.7515179053482897
-0.35046278081020166
-0.11927101531586914
0.05201864710269821
0.9718655200172459
0.8288826811001933
0.5915805357453938
0.5424324977451918
-0.8520688616154504
-0.5007524262005429
0.7615842489607567
-0.4903953167427184
0.33725955764876026
-0.7406690705482588
0.7551511657376606
0.018747383958356956
-0.11807932166976731
-0.9833086057511304
0.5077109045328241
-0.45653439357758363
0.07132175591800838
0.9490356102351969
-0.15471818343406452
-0.9560166929371381
-0.011724920763182434
0.41445200078216726
0.5731153244438731
0.901734202989134
0.3806254158562896
0.9515990370545042
0.0855957553288118
0.4633724196994842
0.1647070395825374
0.9081206695521826
0.8445017886518449
0.5444764008855163
-0.9547398024704279
-0.47038594624997443
-0.10030524785203565
-0.7441106909241231
0.8456460996207105
0.6112638423613725
0.09467349776210798
0.22647437015157768
-0.7127555702586812
0.1728230511543818
-0.16810596813721124
-0.02338803533700995
0.7699221639003431
-0.8645879270065877
0.23512840968308035
-0.463953013850529
0.7632768880705063
0.8182198230102113
-0.34601092394757793
0.11899863428278712
0.9445839801894824
0.1384803215542787
-0.9212467379469131
0.2210093295399227
0.9058264434266403
-0.0038941836268038266
-0.38260283448768306
-0.6872984853059223
-0.5744777741040332
0.8249040072101117
-0.27777630930331565
0.27717710894788183
0.18396780334304386
-0.8190089756147065
-0.9977323750867737
-0.41724613419755885
0.9953906012732714
0.5246725209331811
-0.7132137540541141
-0.11773473925260247
-0.3397213512010382
0.3673398883861523
-0.46338791108254385
-0.25142949216981303
-0.3506711228598358
0.9604965253569475
-0.6082605409514816
-0.3561414182603624
-0.5739173785511678
-0.13467114142394698
-0.8144903400981718
0.8226182482689768
0.5868486946036457
-0.433033746601476
-0.20891163288156145
0.6971109989331721
-0.1685453966735848
-0.8465008238381009
0.8051235431905752
-0.37675038983644105
0.3633809833388433
0.06660473385925703
-0.2760607851547172
-0.16245522364583498
-0.17846319175848624
0.1735562137112563
0.35235973041291047
-0.22154262222397136
0.5845002758952715
0.10290945758294368
-0.08160608293721072
-0.15741037168734517
0.8252835199612913
0.8551384877595138
0.2194716881538339
0.6060645026176146
0.6152115619683842
-0.6799697123199369
0.26460783710608893
0.8903628314973211
0.20928261005029647
-0.8124533464549719
-0.24516566848899912
0.39751318932963975
0.21502964866216012
-0.7703393956878257
-0.24648731852977446
0.0929145670971423
0.6744293624599924
0.729865924296984
0.7166060624697341
0.8292004938452078
0.9978089463148654
-0.8067753987518769
0.291873604855555
0.3744098800505349
-0.02318435002840502
-0.4033672068451717
0.5746089281868407
-0.48173657678290605
-0.5928964063804776
0.8535661623834834
-0.5743276005356075
0.5607499260880562
0.5040746921375763
-0.3612702816651314
0.7760286158123391
0.5150066733964738
0.2809182046387544
-0.15108052539858052
0.9368118428940289
-0.004910113941739125
-0.871285035091178
-0.4277549909276481
-0.912374488295689
0.488183370571861
0.9535493181677868
0.14352111276086332
0.6642368651604547
-0.5993407798585912
-0.8668679326755884
0.09535907990487891
-0.3672346848965875
-0.5499973834156824
-0.3677741951190001
-0.16324505754906493
0.6581496579573911
0.46922977706484525
0.6027243458745528
0.6489327723467306
0.7666055258244899
0.13813921157396503
-0.28965149697367365
-0.028946436729041514
0.20493779919633948
-0.2224260556467006
0.23280373299448742
-0.671467330286385
-0.5991410636520789
0.4825454061251
0.7902271347711884
0.9866578754708362
0.4708421188569858
0.7561183464541961
0.08382130905174012
-0.36975596682908995
0.9410576583095309
-0.05514885363802158
0.20980747645561748
0.3640505570070476
-0.5265021079815171
-0.43128105308293585
-0.39992575071460235
0.30273812952569856
0.5401294648042962
0.28279991892622425
0.3928162322376585
-0.7359892872179692
0.40547434518747316
0.9939899336689635
0.9989313041455348
0.9386794962827893
0.24430420904617267
-0.38862518162932225
0.45173078217575036
-0.9982951181814388
-0.6887216683423953
0.42904522069907025
0.751648833965394
-0.14305451108596712
0.3657360118140467
-0.9134189206036964
0.6016306956131303
0.8110087002345694
0.16684845588237396
-0.5701870926564316
-0.01635353006911866
0.04882393762554038
0.023814943328282157
-0.7629652700797493
0.3695017540458767
-0.33704662694464704
0.08878620969585849
0.17013175023884042
-0.5713168555871553
0.5212247682212474
-0.7503606291624256
-0.5391985637926708
0.6213715427018576
-0.4639687337450804
-0.5800487798806531
0.3679518208300485
-0.1935500669394914
-0.6559407932264922
0.8431508291449503
0.7598471468614421
-0.862247217968523
0.8704366337571205
-0.9340467961348158
-0.8145758648765964
0.44455483201738644
-0.7366021134732976
0.39334874378359275
0.11103855430674736
0.24466197269910261
0.2753996745892884
-0.6667527513170761
0.26047697049259777
0.5088310631903177
-0.005847605428140001
0.7191338592999152
0.7886247319442456
0.455613124812686
-0.2340072399139015
-0.08285834109210288
-0.7566171256955176
-0.00010936566132624392
-0.3239893059191117
0.31937131835978727
0.813162134619168
-0.010103763751581729
-0.744587068365238
0.5590612463798683
0.8958643674719924
-0.12389528673711303
-0.3266007902144721
-0.5527576417830065
0.34443784058842786
0.04524387201416169
0.4674658964899687
-0.4151136536047433
-0.42180146006133334
0.40700348333967384
0.04586980119394579
-0.9567235904585232
0.25516322018876236
0.5714227837040675
-0.9374006130278674
0.9447469231005503
0.6486615144543559
0.5022329578571192
0.8467832379838987
-0.7207596135458179
-0.8265791984175088
0.17440173861909414
-0.3712700450054134
0.980676893317588
0.0592715362106766
-0.6341084456057715
-0.5689694220307393
0.19917791150169495
-0.36986855357845294
0.7815452407108612
-0.622109023893185
-0.043928079400004094
-0.017840397133202623
0.6206382989739092
0.944536211552564
0.817899332525424
0.6483158075194955
-0.11989337210447037
0.4237292030343587
0.24318396301379064
-0.933399106257502
-0.9283170192204093
0.2879121707251946
0.483363112705665
0.8927597368529894
0.718703169369715
0.14293875798127287
-0.8376193782465142
0.2520065323179166
-0.6121525886846937
0.4307619639104545
-0.15638471716282587
0.1858143643168777
0.004737063795076102
-0.41439973410795483
0.21420311589223306
0.61120951240425
-0.2269154262793074
-0.05192773826781938
0.37800935738118113
0.9917573823958912
0.3628532895383707
0.19239560186654758
-0.09262460192067934
-0.5028075032258679
0.9023687265617639
-0.6661097496801112
-0.12291670129539178
0.26295229192001
0.9085290509532153
0.09111536487695693
-0.839137737793817
-0.13887985804319913
0.5265625255150401
0.28305530939544066
0.09830982865362525
0.22277551169179843
-0.2532417467429817
-0.0037124050681225373
-0.6879890185496174
0.1196393874435615
0.9289624040367188
0.35466360433209076
-0.9078328855634041
-0.7483807478539355
0.6340634206278841
-0.006281041646812868
0.3340771416250241
-0.005750975345384157
-0.17973333378272094
0.5208018994860311
0.3885064625982646
0.5259506276088171
-0.8461499738887335
-0.1629092443109459
-0.8743789434947531
0.15754732906985103
0.002179432164111761
-0.3355568855829332
0.7328242541836623
-0.9649689395885779
0.5383349040800405
-0.6063203621360405
-0.6673542144238407
0.28834445853590407
0.9005732807142768
0.020797995399391978
-0.7869335086717539
-0.6781936463632905
0.867632299967962
0.9488669721998713
-0.26277826846771846
-0.708109491222749
-0.6117258216351242
0.25190898971612974
-0.2994129630073339
0.6778750375121882
0.3132080197349283
-0.0228856885901787
0.7722104804903547
0.6764250836450096
-0.9132632350578804
0.6263479664439908
0.2714690669769466
0.6953659074766774
0.36669680281700545
0.6250226848846328
0.0023034223410611787
-0.47233808003232913
0.5816904089116386
-0.6624924056338768
0.5389217796050267
-0.6669903580074745
-0.5904535572683898
0.28873839470218665
-0.641979049136894
0.2781546021160597
0.9109169255675342
0.9625902521766792
0.13312785461416432
0.741984310338653
-0.8342604154597473
0.8796580127180706
-0.5388168157677982
0.31454316647732394
-0.7887545897587838
0.7776439969421791
-0.6647056271060345
0.6740440359054987
-0.3726705214742183
-0.24536814127831885
-0.0665738697585303
-0.6759922022194738
0.664620207665084
-0.5634103140869919
0.5427190112418563
-0.2746400480917186
0.7676797458811768
0.581173273281155
0.8604352703503242
-0.32256054563779046
0.6090655266090328
0.35264643533047746
-0.85197305300507
0.700381041369921
0.8745119221630808
0.7822309910515961
0.8926410632725545
0.7196728714955782
0.6351029364474348
0.052741235038989975
-0.9377908391178218
0.4589998130185222
0.6725046190127664
0.09457556319270477
-0.6795307083893678
-0.6623788848018548
0.9258458558261276
0.4143383922576642
-0.6211601556339341
-0.25011878184141456
-0.3614541951672965
0.8228005388193516
0.7602811891319252
-0.33584761854706713
0.8190245058942793
-0.34318847504844396
0.12997061279207678
0.7616010785912537
0.01190921125190525
-0.263623842184076
-0.19770044659551278
-0.004858874968685978
-0.7666995120097786
0.7399371784540099
-0.7213439647329556
-0.2724754030151375
-0.5895290701813918
-0.24822983423509304
0.9298416447202607
-0.7844270365276369
0.43870806058906076
-0.7967928249494522
-0.11308829426276468
-0.6889692901940911
-0.8034362136383699
0.3822101005020888
-0.034892918704988896
-0.7768322515672628
0.38845051371933526
0.9277542575411959
0.47075638954314325
0.12992278352430553
0.006949194163385686
-0.07459917510799374
-0.13883017508169226
-0.3566128547361136
-0.01976913224054555
-0.19849219224851367
-0.6760862352715173
0.8691098497555438
0.4527747941658773
0.09570871989162066
0.02425309321444069
0.37985039299754875
-0.7161007228979319
-0.5217825151616755
0.9628230049985638
0.007802007179986914
0.9582051956824762
-0.29677004244744554
0.785825635755866
0.13053044940065228
0.004934313668799373
0.813054715377439
0.5074456047315812
-0.6334060880999504
0.006863894513679414
-0.937473941488929
0.8584380291807396
0.7120711740265875
-0.5246953248679138
-0.45318955280983153
-0.14024023445728528
0.7837120734134819
0.4599764623168039
-0.6632767581029031
0.906677860105533
0.8073540886052639
-0.06976913696343034
0.45828163651608866
0.9418745671987154
0.6387365669746616
0.4045688048517364
0.5645390323270258
0.6092003509902273
-0.0955657452880816
0.37307409621632126
0.536413117140909
0.459472978311636
-0.4123765679321667
0.5075539713498496
-0.8969616151807027
0.48558570949010327
0.924104870296935
0.19393594091158484
0.5603210460444956
-0.5222841908503286
-0.7884773313224871
0.0964027745383147
0.3371789649060286
-0.9851214607602234
-0.9538379040131617
0.9120437324801707
-0.4684120433153789
0.7258802940883544
0.3286543892607021
-0.7698405509996462
-0.6510373448763942
-0.7928051511580467
-0.2542250766212628
-0.5725804554311604
0.5204032838840371
0.2373271841867466
-0.991108130151767
0.8889219497872192
-0.7617972426402668
-0.7896900255260966
0.6917050658042632
0.8098128047114546
0.47902224301182494
-0.9120451553602749
-0.39199373167441043
0.4920407946080039
-0.6277707532224501
-0.5476773409553064
-0.8262070123192817
0.9729012548731377
0.44492587537337136
0.9053517975372565
-0.3091831879692968
0.09371428257276038
0.4925420830455072
-0.9181953214470335
0.517546554403286
-0.4401701072458566
-0.5771854660045603
-0.7829686782578251
-0.8349555223196199
-0.7110552272090986
0.9196388075234168
0.9605032338853485
0.02020734424289805
0.7499910962033789
-0.7430386345629107
0.7439682728447916
-0.4342085087012144
-0.024141618117884844
0.848863532207851
0.2202628901177115
0.6040552592691795
0.5722730893694008
0.8909788004201691
0.22992458297118046
0.807665477971443
0.18922267324168773
-0.9108198643232264
0.7037590680676131
0.5186101097510241
-0.3873593023366795
0.6727892658813743
-0.003266887118566597
0.6218453894182432
-0.06391943448668824
0.9812862917706953
0.7506601052898769
-0.15366692168960028
0.27298770981339504
-0.768031203388515
-0.8475456331232223
-0.15229804149943993
0.8243419113495738
0.9275315230955743
0.5329776463995863
0.6519724418314039
-0.723444367289497
-0.9769195800729245
0.6131526737370707
-0.3479686275793743
-0.5237720862127433
0.8465357538661931
-0.9380615816631372
0.3109915428467134
-0.4855751699942692
-0.43191988891516564
-0.7091958840778825
0.7034246936013275
-0.06318758453867934
-0.23706147318345439
-0.06644559806485462
0.9411220079878131
-0.027740201536801123
0.8794265976688918
-0.4719276941134376
0.1328593572784158
-0.9485001198916136
-0.08831938976494924
-0.6685248060906368
0.97588601016882
0.1503466312562407
0.05770000053078439
-0.7531582948136275
-0.7426018725430925
0.4336887420785458
0.15768296059196274
-0.6291301924731829
-0.30046060946518516
-0.8144976955364644
-0.7491994282747729
-0.7890671041995205
-0.8507871269160681
-0.5879925436013758
-0.3825575719461902
-0.19699039467020985
-0.4780476136535936
-0.8096474392335293
0.3842905201646347
-0.7694700839600037
0.36441193923357207
0.8124277747132072
-0.07449947972901572
-0.9889598042024972
0.6961101355753778
0.8591011854027426
0.8040884803567419
0.5606272571971167
-0.6208267136382823
0.667630380201689
0.322383065441741
0.3642619106428737
0.9627406595498282
0.3184807079512355
-0.3638194484845534
-0.8401276147648185
-0.01055901909228596
-0.8130231795578606
0.6501822603781886
0.7553104518141185
0.755158152653465
0.9214709972585011
0.1139605544387583
-0.4561019319775481
-0.37728084109762317
-0.7930215649493413
-0.07306089779629277
0.5328614585051934
-0.8136014398953799
0.4893289800725511
-0.6090116102576459
0.3109575398622306
0.9308947619092665
-0.4045409845362924
0.15709663731943957
0.08163103305891606
0.3378619980598343
0.8654714640436396
-0.10260523748081951
0.04631187610391341
-0.22907778657974576
-0.060796732322531355
-0.46879184520197215
0.2652640040482246
0.14013854967193495
-0.13595911238212643
-0.5826994077461032
0.2769883787157905
-0.9130656384221718
-0.94112177758928
0.18962703118550572
-0.8235786183421372
0.7882841865611809
-0.1624866905046327
-0.31625796471926226
0.6985851050625158
-0.9621684341470325
0.11438468682496472
0.17116459266861073
0.11557146092189452
0.5220942486964517
0.8575634657175566
0.4491299343444195
-0.14767660516935988
0.7038505696395032
0.1706790882169591
-0.7802174047383179
0.7957076801890746
-0.8565774598494427
0.6840759571610793
-0.3116162600477905
0.19379115053394336
0.6972380842183814
-0.8256074680017291
0.9014416588462946
0.9319007430717312
0.3149063309321918
-0.582011767837848
0.9274027862398828
0.21681103858746864
0.7463147428174601
0.6711918210287973
0.6155557356129926
-0.9351200529834878
0.39455535896324867
-0.3920679619279539
0.8726751134065751
0.6200844297593304
-0.3539154699328564
-0.29444045256917417
-0.5939727578789007
-0.14706884527605113
0.2891018084699595
0.7079483336296699
-0.01131308325962821
0.5536935668560639
0.9462058533436952
-0.6230099165919734
0.41287201877721547
0.7090573721972424
-0.38906473645776396
-0.7044989653417075
-0.24282684852419134
0.7234674152477263
-0.9729202069448726
-0.6714462611399712
0.1543234294020368
-0.895736167932951
-0.2608177410821546
0.5758863879023441
-0.8472360739294427
-0.31316916217363633
0.9803049900428074
0.10418972749101951
0.7045420805186557
-0.6105766805919379
0.9751016075964165
0.9073766092322504
0.40074580255807457
-0.8651528956025465
-0.16544517742613918
-0.6213866298776611
-0.044357491900708146
-0.4990740944381771
-0.15764467456015896
-0.14142148869675242
-0.4403310854704887
-0.23869924914126273
0.7415291981024026
0.656408776261866
-0.14242834783088476
0.9722729748153356
0.429578982994014
-0.8091577442736324
0.6338895122317556
-0.9166040397145208
0.9953184843325207
0.2621938209694128
-0.6274163949953975
-0.9481479368794208
0.6230265906301315
0.15072795999781485
-0.5781246203943775
0.2094028248316413
0.09560453036772687
0.7294325478100598
0.48119032118561633
0.9337004020956465
0.895203511969197
-0.39577196564772654
0.24453165452230063
-0.04164302081080962
0.6903033943518873
-0.1998702808970041
0.09153296438975422
0.8985910414181693
-0.14527284023943032
0.09994880640615111
0.8460379686356745
0.5219184663189107
-0.5211486664632778
0.5902198189815024
-0.17248809557477474
0.4920001302999055
0.3437764346821366
0.01075616300291915
-0.2447301701173703
-0.9955578360399069
0.3102753439417827
-0.45468332598938765
-0.5100142486229706
-0.11285829265102976
-0.3065110533485471
-0.8367568804630732
0.41190821084500717
-0.24854590147439848
0.49549886908335217
-0.330604240151118
-0.3056969434753847
-0.7892945094483033
0.062362676350446566
-0.5701788092727293
0.5580982546786928
0.18743760716138302
0.9665895579361288
-0.8615735574622312
0.2615616345696763
0.03178109501730075
-0.7764091655196261
-0.7817505781591292
0.39458549710670554
-0.9760800760426187
-0.9173607679420395
-0.5245847228338387
0.3029306316995566
0.49783498191531783
0.27011676852517374
-0.764563891764453
-0.17148542140131906
-0.1624317311690182
-0.89143700744029
-0.31690627515987146
-0.7694287390571093
-0.20633177640074307
-0.8285797932316459
-0.2119221566536631
-0.5065718841656628
0.19750146228954035
-0.5990499123827615
0.11412390864747812
-0.814484203255214
0.48275953737796873
-0.1631281435349503
-0.084751263554526
0.9821248692045688
-0.3434692599623963
-0.30644082576563214
0.25474311375970005
0.24320806911545167
-0.23707515709210392
-0.5540491884678795
-0.03571822869686203
0.9982710672929278
-0.487924233419224
-0.30483964146272147
0.29248619246711427
-0.7212104707282363
0.16445310493042165
-0.9497584445973573
0.7512570951871687
0.8655502909996629
0.1508646011828083
-0.9812041101916287
0.7861230611777206
-0.1373719352620013
-0.8145472674959893
-0.731551407220266
0.3973931283243963
0.9276663498832884
-0.19608072531789933
0.2332780721073442
0.4288968584835926
0.16108106502010555
-0.16343803653176403
0.3412654194038265
0.9221218186617564
-0.13225197395806965
-0.6586111241459021
0.4787086457074634
0.8677165660445423
0.5516831719002078
0.06176772436047595
0.3549867281406218
0.008498160818668055
-0.6900963362779626
-0.6076441553706158
-0.28537322773503737
-0.46742116475176276
-0.7000372359721376
-0.08181095729837384
0.5540987895285348
-0.05282657946020208
0.6572201631550998
0.5562246858447633
0.5527985614384654
0.5873686231585014
-0.2997974661601319
0.844878424114972
-0.16209459239006052
0.33738629969132883
0.6514185216394626
0.3962327494234319
0.3788550657300691
0.015778761869369662
0.39637494835950804
0.03406265909275574
0.6957573467981211
-0.6151793109522312
-0.986429784144476
-0.6903221342016466
-0.18778384712193708
0.5975921546255165
0.3878882594935418
0.45883702651623026
0.1248953899852403
-0.4960860021500677
-0.8130644268174447
-0.1871597511108849
-0.8558446582738835
0.7224541318507027
0.16131721623222717
-0.7354801827413655
0.38474267758393577
-0.8757178268716839
0.417681740370055
0.24374437956100237
0.0022258870634548344
0.22819194082123917
-0.6741150385328991
-0.6935176731373214
0.4546696476523471
-0.5140325537035291
-0.4058263115199501
-0.30855386911373217
-0.512662303562752
-0.9847835308028128
-0.7429909618791612
-0.4951701108705664
-0.38162598773726986
-0.5378215697707267
-0.29968758064566736
0.20974934150707103
-0.08221645840019853
0.6218924230550289
0.8655000094375063
-0.4930141501899845
0.765543400319572
0.3573466473014004
0.21643210178333705
0.6036766786659475
0.6679890337037364
0.30465916083001043
-0.6399931555770735
-0.37951185754263417
-0.08582168555714764
-0.9843743572681061
-0.528177004989558
-0.8991645041731897
-0.8127189324247015
0.987521591803034
0.7496282685755444
-0.6859636740740545
0.6620198725280984
0.907536093839791
-0.8567214239432377
0.2941890416320472
-0.6102580334539456
-0.4200415748613926
-0.7045607190129524
0.024023497577181585
0.8955719455958211
0.024412707234692688
0.05767019710209276
0.043265730130812585
-0.07719341130433399
0.07464402180972152
0.3116247548714335
-0.34972594279133173
-0.18937443713078084
0.29482390911569634
0.5649921100417616
0.754565072741366
-0.33406020053982255
0.7108259849536431
0.39919326420507173
0.946931037788008
-0.4725095672832036
0.748359744347604
0.7485708838236576
-0.0022234144028525638
-0.6178895435331986
-0.5813787682601961
0.20702650810814816
0.4510026982267945
0.17899942037545968
-0.2629597558885557
-0.17555868846549516
0.704334941400977
0.9492857367793153
0.5518332274361575
-0.7940282434548218
0.6044711233362527
0.028676399554595777
0.6039458687704626
-0.11924375732545034
0.07613061464079318
-0.6824412374781523
0.3796234381950063
-0.48754703445274283
0.6216154146386563
-0.6259143620909773
-0.6389850014589422
-0.6142119498140888
-0.5938052154295279
0.3408211190081267
0.35809430586134305
0.30622840733924095
0.05025809711787188
-0.850077138934549
0.0067225208766927835
0.4115200258133822
0.8998321276228274
-0.2213738740549711
-0.1205761210803935
0.4087762295666377
0.03096327046841929
0.08922278055994703
-0.18871553356186932
-0.5532074300572174
-0.8710052953376337
-0.8429172485908176
0.06735530605461637
-0.25210988764040176
0.2443442521348873
0.21315115877552082
0.22881371652058502
0.2614317292497812
0.717421621638259
-0.5547573541842454
-0.04089333289399821
-0.5002231021052488
0.00950085963700431
-0.46733475706075467
-0.3996370013902568
-0.23692346835583122
-0.3107680745279602
-0.7494632540158606
-0.5109174202375988
-0.5212560815390028
-0.8991738652861547
-0.21045848632726138
0.9799970881251203
0.8345948471422062
0.42964129988886124
-0.5445889724569626
0.1253088186747091
-0.7255091163822807
0.742341644435446
0.36288242538813886
0.12967321655258268
-0.4808364686576423
0.9480591931054525
-0.7921433881578599
0.6721382891980119
-0.25484317331756
0.540911672390098
0.8477546250177062
0.62947341737154
0.9803718572922102
-0.9913664589326265
0.666001469334679
-0.29221992624005555
-0.24101166757739456
0.6905468385786024
-0.1272452845618084
-0.3854546641444725
0.6549783604979647
-0.21103567820703373
-0.7600808986525058
0.2893694488581595
0.645140646596509
-0.38151245152360125
-0.7952493998753887
-0.14955268840303804
-0.5410809224270436
-0.19619064069531955
-0.1559232194348057
-0.6949567152730587
0.9564113039011721
-0.6923841508951163
-0.8554146403093432
-0.49918151109822584
-0.7810549031277827
0.0593595602158572
0.5954019385909066
0.6212860486484262
-0.30149659546761254
0.0005192759231640309
-0.8477000648094115
-0.928919971912298
-0.8129863361883598
-0.13830156305708963
0.466793255002097
0.24783592672573596
-0.8209520363819782
0.737080133160124
0.28649204165762954
-0.5405477965938874
0.1908185025030147
-0.7547125704085744
-0.08081344107697541
-0.023929083230106896
0.3241558795405375
0.7683185155466583
0.8129725875787295
0.9646680307612963
-0.07433540035193809
0.47166022310274713
-0.745416697702701
0.4776508094069003
0.16636230156485676
-0.4341471219457851
-0.8348657896269227
0.4420468512609188
0.8043738787432622
-0.5587783563029647
0.05386933172429087
0.2734750739533187
0.28141750939894505
-0.7197765197058461
-0.1817324544905301
-0.22867321626950732
0.9269087324538723
-0.5067456169579876
-0.2670969612817402
0.8288166029729958
-0.41908202377996173
-0.46492014734130205
0.6266867057586443
0.7854943349000856
-0.0438925745747103
0.9109488912822881
-0.7821182481713438
0.5436703498359581
0.45067683957520455
-0.3602384053334462
0.20264090167453497
0.7097785720406804
-0.9965526112966285
-0.706642461195893
-0.7499952650021093
-0.6981217685257932
0.9526164065503586
-0.7703927724774027
0.3254205677696871
0.027834828050695926
0.8128245498680047
-0.4243437253160429
0.01866900547130701
0.7302140290857781
-0.3590333809808781
-0.23079822752801182
0.8979165691278637
0.4645858053279954
0.9817501581653376
0.44033055318924363
-0.9627526499739152
-0.8814355324198897
0.9146569658768646
-0.5929748136186224
-0.16329401378511887
0.08746723499131259
-0.3685325390330405
-0.05948053552848842
-0.09601848840672877
0.06969499314500816
0.2004673155100527
0.6312981082256726
-0.6710992522243322
-0.17870435123642903
0.7838135401729278
0.6449363256715006
0.7389687445401489
0.246306438195798
0.9261303611023022
0.19752199482188848
0.31873334992273006
-0.5775782494722337
0.742390166650645
0.9766744613451395
-0.5277735743267484
0.29025799667379415
0.5264722050151955
0.13993423536881067
-0.575730011031957
-0.6003618828585819
-0.8352507529841213
0.9123676358664046
-0.03658129736391569
-0.11413975302941393
-0.5530620522828491
0.6000096183315833
-0.2194590579127591
0.2604458147885371
0.6520898153101147
0.610722849777285
-0.11492922675341233
0.23581440314241875
-0.17728003318109353
-0.28847762964627277
0.272856056829228
0.6476452448245411
-0.1285691983883337
0.22107705470390293
0.5968207172654558
0.7058463365134915
0.6217514419010794
0.6932644177127409
-0.4222225120653895
0.669384256112721
-0.6965832836205796
-0.33559554059012164
-0.278532699098176
-0.7731105944452723
-0.1257662954712755
-0.6293807304572936
-0.15347439362304738
0.5640070852011023
-0.4404220815555322
-0.8212383235173442
0.5669268161913861
0.8418644751331426
-0.848812660266026
-0.11372733028941484
-0.4809241724034252
0.5397470309798409
0.890910386544804
-0.5966316403403615
0.35856988475630835
0.6182974613771379
0.41380322232044553
0.6001526746105621
-0.5537579739327241
-0.5964440363507268
-0.8268419567596432
0.8536699611050265
-0.4491331039873643
0.017141255657583843
0.972174199924285
-0.8788240534773439
-0.2921598947339057
0.4574901439787966
-0.10104894131655318
-0.7633429931854825
-0.7268743323984073
-0.9877829788823624
-0.0993714300267372
-0.4559973048709258
-0.9647299447676221
-0.6607511205974514
0.5052122646998622
0.22169580742386907
0.8800128022179461
-0.6498805818406619
-0.1287634440840164
-0.24656329014032896
-0.5222951486081571
-0.06320755900529429
0.6452140728283449
0.7707130760348246
0.5230550788466302
-0.7735682596935942
0.05929800577153288
-0.8800239632546909
-0.8925463229980106
-0.8059814689141453
0.40589820003450483
-0.4090669358687755
-0.3337163903474998
-0.9396770197507629
-0.4014206716892861
0.2487712300997149
0.36561141220916404
0.1723906628137526
-0.4571209633104516
0.13452410581340635
0.35940799705483073
0.6991047715016361
-0.7887643877152519
-0.7706589366076217
-0.25981761231214096
0.24195720834064072
-0.6151795256629558
0.9759463346985497
0.17075261437057776
-0.5865440529269297
-0.9050410311539443
0.7496642380089229
0.9719587368395304
-0.6659483965659141
0.28447462965770964
0.9485241022717472
-0.2840608435452132
-0.5927488463908661
0.4278384851001753
-0.8683894569008948
0.8006726847493757
0.34790708817444926
0.2980669445738018
-0.05463175308091506
0.3394262935343533
0.6519373236783721
0.3999747804920839
-0.8069494998900124
-0.04063416658966679
-0.9269927659880843
-0.35569081702176475
-0.16653091764994543
-0.13578695815658692
-0.6762090257324322
0.3548891599192454
0.3130819867330594
0.7462782357664224
0.5551163461725388
-0.26746952200442786
0.03949051575821527
0.45477576767313055
-0.5816913158882266
-0.5135751261880415
0.7025131620692251
0.7714976292010278
0.7285631905505308
0.10942744678362715
-0.44173790916595523
-0.48357361535368515
0.4042297402853934
-0.8426367082892883
0.7233340629550977
-0.7335901217925094
0.8014651401685382
0.7980790288657602
0.12821315940164624
0.21601740013430715
0.2789581755531676
0.5913380629829461
-0.8552291311598024
-0.230077489561191
-0.22680002364565932
-0.7872750302546561
-0.8255182775128431
-0.6750766196850033
0.45342878255741503
-0.43930410155462374
-0.25660263939696515
-0.2623260672855796
-0.2992445290690293
-0.5683453137280083
-0.711016868038044
-0.2844802644217701
0.416341727083831
-0.5090830751721631
-0.7252212922895909
0.2822178234954962
0.5815318185301879
-0.5039105681085938
-0.48453473837762817
0.7762967857358882
-0.47972165274596335
-0.6067779567660598
-0.7263276866092865
0.781184141164913
-0.46657512646654076
0.13143591112897424
0.7210766325543785
0.7912570038927214
0.9737661436102907
0.4432695588748645
0.27711295096632105
0.6116224038361437
-0.8657288379587504
0.7593220600072326
-0.9265783015534037
0.4473133097531492
-0.6096046394342831
-0.5554979376202493
0.15197681697925502
-0.5312099931359759
-0.2915083861259178
0.20328975866281662
-0.5975541160970852
0.600765284600971
-0.3847618774861419
0.12649329311238455
-0.3509121879920205
-0.7152492025502342
0.27475037137273084
0.5056621526162028
-0.9359263137035694
-0.24247453503666416
0.3602345796322326
0.060153048122092656
0.7603798727384885
0.5029378136415328
-0.17494668674934344
-0.3398997546810305
0.004668492015448944
-0.8704043156513961
0.3995250644180124
0.22031213569383912
-0.5954458072260669
-0.0958464413803688
0.02989663142901189
-0.05382031678913535
-0.6686009764352654
-0.292557459446652
0.31657105885782744
0.12111593357857364
0.303568098700312
-0.6112180358452484
-0.3437220371955896
0.7540454587563947
0.8902546805055307
0.6521557918252019
-0.9083414361170061
0.19608006848935444
-0.0031106138805119254
0.22648514692210409
0.3158496393874204
0.9110593692165201
0.08823701043831988
0.042122799043035286
-0.08717805012282054
-0.20703613385052
0.5299068663214577
0.2974908338265858
0.6757152514334801
0.005700217619780457
-0.5308854173175768
0.4611387787094472
-0.695105950428563
0.792266101731778
-0.18407269031598417
-0.04853023818232227
-0.16021240148489913
-0.1814336083558461
-0.9903442547932351
-0.38040479011545947
0.5393189113916896
-0.9355762437621302
0.6326784735312523
-0.6006433022820117
0.9496309903533302
-0.35231170728893435
-0.9337667593680394
-0.16274560931465998
-0.34713304339184226
0.9552266373902436
-0.06591737593691427
-0.04811659809710589
0.3022031446442368
0.38014079017686053
-0.49035075029624764
-0.23475183302626745
-0.7408359060652705
0.1077645442835975
0.568924404214926
0.19878183662059334
0.3914804870196018
-0.8836194877093435
-0.41015983398813294
-0.05376954970451031
0.07836211540905258
0.9462668340047307
-0.025664963139756525
-0.2684969579285079
0.055173569140605006
-0.47971144470323557
0.7521713221189772
-0.16649267151684088
0.7891149030769766
-0.041208929880990564
-0.8436719549422957
0.4817839747818413
0.26569120564460347
-0.07082456601576959
-0.29984934673106634
-0.40827136170104916
0.9708052720999392
0.5773130915061158
-0.9174480959697211
0.7221032067230351
0.29601848205115666
-0.9468919133428422
-0.9324756075889091
-0.9002380897847477
-0.8114439974358283
-0.7591764211839265
-0.40260509188067917
0.5830834593384067
0.16198991227312431
0.05787101005077688
0.7193811976321098
0.04210027536383287
0.958417571222576
0.741984814420104
0.48726824481892494
0.6834128701565454
0.8984320400521231
-0.6707735355906062
-0.2558596212429851
0.2721521836527987
-0.18510713077889163
0.11878855344145922
-0.1743454440911707
0.4554658294324241
-0.19838485894507163
-0.9234781804209478
-0.1336779812629918
-0.19925439070787987
-0.5678906188943038
0.009669562706438928
-0.9844470336782751
-0.1535327028230944
0.05614042990420365
0.9096916223525424
-0.13264165183767251
0.41117532551066205
-0.37177628515497707
-0.4540742598738925
0.9768037551218607
-0.3511103801015958
0.03773209160356861
0.9711717617613798
0.31287461787299353
0.5038138921140876
-0.9480153555880473
-0.4478431304756447
-0.48707144767748556
0.3401102413478927
-0.13562892915370095
0.2001788552204895
-0.4210252082379855
0.5677472976651361
0.22694615786252448
0.7080223314740337
0.881286393100797
-0.09603533698871747
0.03738039580883101
-0.2326917228004728
-0.8955478699342767
-0.38105055014557165
-0.32174273237366835
-0.7150745587322123
-0.9781566751526218
0.7183831648636763
-0.07718869166691178
0.7273335407121915
-0.9470478723999007
0.09292649066594572
-0.7231996758804977
0.9303150183584199
0.16014753410245075
-0.6727558029264866
-0.017195192681914273
0.799613144044004
-0.9151881504696393
0.6736800478315683
-0.5923329013114638
-0.7642693752900891
0.3748656626424405
-0.049542540290250514
-0.6236504831025127
-0.6316343526735351
-0.28081562922298886
0.599967912352936
-0.4348065385980058
-0.6527043591373527
-0.45753801432619
-0.7620586911200244
-0.6748672482213818
0.29377728463050556
0.4302180236114901
-0.12331244222467852
0.4101040364459976
0.9550062005174726
-0.38109663620636747
0.8092276996826093
0.44593332666277496
-0.6275233785557057
0.6651189279147764
-0.16562418061449913
0.8018668951109051
0.762622080165803
0.7705252675512859
0.9007765978272657
-0.20033105039908827
-0.01785670204462675
-0.3869140735148826
0.30754606621596126
0.27656794074190505
-0.032182290810388814
0.7490820281322643
-0.3557140934105081
0.26785203636739463
-0.26611886854423017
0.4409070265044248
-0.3707402613650901
0.5077968658748586
-0.6404489322989826
0.7576147428398683
0.5753537522233554
0.20814113658153
-0.7418465947199042
-0.7857444727400316
0.11563669716717806
0.37059073399216724
0.7982979160801222
0.3673996268087707
-0.25628604316694226
-0.33155442404241997
-0.42038696476010884
0.004211025032458737
0.2852121974405877
-0.570663458031528
-0.31665003310669504
0.9526713864955187
-0.5719905111700112
-0.03207458838671884
-0.8265526708696393
0.2795573864153331
0.004748953890139296
0.2779040822954568
0.4491094719932587
0.026070173478784042
0.0870095466962395
-0.902632198986526
-0.5063616636413981
0.8699786909805272
-0.22795635710873285
0.895960981153995
-0.4729502970266357
-0.8018469830227217
0.3455434314720307
0.40264060657613254
0.7203241837518244
0.9782784256509842
0.3341838233308698
-0.9328019252809083
0.7624056241048909
0.9349071292891205
0.3265218364231377
-0.9907025953330413
0.47140778933460914
-0.10040265741895316
0.9880863380892189
-0.3464696919490726
0.6500119263030031
0.7957186524034447
-0.5587260465101234
-0.1988482283796995
0.03545668601670027
-0.172724696518177
-0.06475602255823043
-0.7893414287102307
-0.4148442477594241
0.4698952517675703
0.6630752806819147
0.5049975423880695
0.44652714895862733
0.2269715996026087
-0.4550712786935296
0.5941059622463511
0.7822091393692878
0.2304855419155385
-0.4672639591297427
-0.5077325129645576
-0.0033452528296127326
0.24103890515622295
0.5251787751164008
-0.02541300617335862
-0.6898438274965764
0.07339768441421679
-0.7124037240896206
-0.7764169955990685
0.12957822685848663
0.9679711485108797
-0.2836393127926804
-0.35760389504624435
0.6754223666118471
-0.8424723385479993
0.6986206328053188
0.614609367062956
-0.5774742289303114
-0.39818028871567135
-0.04310902681100348
-0.14922865102143268
0.5670377437837422
-0.19099711926906937
0.6531713871678675
0.5752602089936127
-0.33515230966140375
-0.5307007683348808
0.4223409204739532
0.2149358346103627
-0.28818924065175144
-0.28035268860318596
-0.003070469354108596
0.9836693181148979
0.05557027727551089
-0.710016984731973
-0.45463038049955706
-0.9069482733767895
0.856478094948135
0.5050928012565041
-0.33615780202848855
0.7530345194664712
0.807494097103203
0.7420736154952026
-0.9135412351408769
-0.10590942814787585
0.11667470051063633
0.6197372125816101
0.6397046868505694
0.07553955479020469
0.07963908917797635
0.5702071668720965
0.4605333876661144
-0.3961464241196928
-0.9433911069972276
0.10831435674850765
0.9229523057175166
-0.7423737585197008
0.8002563884519913
0.6370157240670435
0.262680121712908
-0.05466216065875473
-0.23519422951576763
-0.6939006617347474
-0.43927937558644725
0.3358621840879852
-0.5168291572688382
-0.6655974734622068
-0.5903819076407673
0.8289545449600855
0.13906089789580034
-0.5585257610545737
0.9148764355553685
0.046459278590538
0.2858729010856711
0.8393399424067602
-0.4861044729406665
-0.33511116508441874
-0.6353982332259474
-0.25221361356209093
0.33949067216861084
-0.4356278332885464
-0.1234028189629075
0.25274906295293476
-0.4334004301714993
-0.6444185673432037
0.021489571557797404
0.10012701013722203
0.817754021904411
0.7354827464179634
-0.6584435170241436
0.46551125082120626
-0.43190147517948674
-0.3128972581028717
-0.4371100492860913
-0.04895478752749205
-0.7642518920451982
-0.5445048199619309
-0.15238219423915766
0.11277875540802706
0.4417201687346566
-0.6784828116147219
-0.8418472079727002
-0.3360311661795179
-0.38239098370204894
-0.9906399814744149
0.6880421332743121
0.43402695861327056
-0.2225253893995809
-0.07052027430735452
-0.7818368430804976
0.23956455612670524
-0.8389096449745754
-0.17726883837134477
-0.47257251264735434
-0.7366186751116435
-0.4763095981795997
-0.062368941519765464
0.9437106443571088
-0.6911499449352301
0.4954350482936698
-0.3954650702343385
-0.026266426306514212
-0.356931648248233
-0.5948378207231428
0.9521980812040824
-0.03815432381237782
-0.967493881053012
-0.7683936422648507
0.6139019381620354
0.5326239862284328
-0.02338353017954442
0.9869321282255046
-0.22652000341185086
0.4272925579458513
-0.7744032108419987
0.9115372213839132
-0.5800090804651516
-0.3394632580485464
0.6364580224872884
-0.2581078384964013
0.20893419577229433
-0.024962739044356086
0.5570031575440673
0.5681655656432287
-0.8256503976201965
0.9621721487021879
0.6301509164381613
-0.9242957300569468
-0.13510718097770869
-0.045340972395208734
-0.2953579332902023
-0.4351460849648321
-0.6019027822424601
-0.17818703746429443
-0.8267450847224849
0.7885010676335211
-0.7991362600259897
0.575299474595576
-0.06932640059854722
0.8588666578044257
0.9168586645166994
-0.2666342619684492
0.32291379043438995
0.8217559476635996
0.2807843655029947
-0.4883117853905654
0.7714494412002477
0.9977770734921316
0.6796950924097658
-0.8538592247556418
0.47793110294936314
-0.24800070956471854
-0.5749602097521271
-0.42877490278264263
0.4303825240505543
-0.5544211490523241
0.9447688145409376
-0.05049017464148764
0.6232220795925068
0.4950663936786679
-0.05888385434805454
0.5251710052276342
-0.8879598123455243
-0.49771462841932457
-0.011428656191477149
-0.45472465897753445
-0.7147561890893945
0.30097944469792637
-0.08270064475390204
0.7259111025700298
0.6215865494807706
0.9819763089991667
0.5274869942338511
-0.27205652961159577
-0.8902028442636905
-0.3433418906077734
0.25847356280670497
-0.0927716309813511
-0.845468720097811
-0.06440998156311029
-0.7901863606115853
0.775562537649477
0.34965562127590477
-0.805689909559735
0.028920059119296626
0.8508209047103752
-0.1664127672404121
-0.08224702305463771
-0.9081854462893937
-0.016409105649157762
-0.05724827625277218
0.44752325424308737
0.6216523501848608
0.8736774357632953
-0.032955462209695474
-0.3456703247834767
0.2924149381064578
0.6277454249122634
-0.3292407192687501
-0.6006891951640496
-0.6000219971635079
0.11371887183505325
-0.7936428558646107
0.4191290709247839
0.6001471574728705
0.6478945168827124
-0.5286884826819733
-0.09518542988416967
-0.0801463742919093
-0.8046780877979935
-0.8280343105633978
-0.2558616283977282
-0.2581965639042687
-0.08701836538332852
-0.8321302976787679
-0.6922394387442015
-0.28617734541575945
-0.8532638292463863
0.04240254624280171
0.6896513345514568
-0.8649106891491147
-0.6429021413509761
-0.02208442440593905
0.1189300772418671
-0.7543874577989522
-0.3285217122313149
0.9780280675184754
-0.4230079115829304
0.20190809908455698
0.25538806749493115
-0.31521801556112905
-0.363694667709741
-0.2579898553503075
0.94671227377951
-0.8974417607695426
0.7624429453249058
-0.19150769165128212
0.5263648949143025
-0.28762965992725165
-0.3399964462507745
-0.2542204467327991
0.31712744098040546
-0.9132892440831775
0.26133411348349456
-0.34934744692308306
0.27828956356297296
-0.5541697172783511
-0.2860576449330261
0.8021946119263434
0.8369617489940961
0.4980224788184804
0.5722887451393086
-0.24385248305786322
0.9090879404319621
-0.6270977093411507
0.1928432519544634
-0.09658233778939729
-0.9271528013369885
0.40234054453565804
0.5830666587143385
-0.7165528834793085
-0.36836428908150887
-0.13287466932974157
0.18781483645804897
-0.9188204954825887
0.45974653575680713
-0.12747638306746967
0.03365804067599165
-0.6453230149179214
0.959143311233418
0.26199411096947145
0.9889581419532205
-0.6590109735409388
0.889898628737702
-0.16354747393826985
0.6830643465526423
-0.6483956906698953
0.4028522303138835
-0.10052970676632156
0.5348989603188341
-0.4794330861150513
0.428230876232389
-0.6735968708976281
0.545234466033536
0.49060961378661694
-0.16989954958687137
0.010364769659550355
-0.6596492158059504
0.0950891961178697
0.8440401139532496
0.0001396697997495533
0.5918934662199415
0.5304547725962547
-0.01851057695245628
0.8774658890113152
-0.2077450606027651
-0.6847030213843006
0.41937830273049426
-0.5480054654936912
-0.5904637184075916
0.48790465919185766
0.3233700117795588
0.39987697140396117
-0.743311833261521
-0.056895410654460354
-0.25092316741312115
0.42877332224396736
0.29186543714315816
0.6886806976213022
-0.9238833482408253
-0.7576975874154428
0.5023767986206791
-0.2536455002859186
-0.338548399318231
-0.6059003881884262
-0.0044194595849123
-0.9966475593229787
0.8702865539707365
0.05381619739755106
-0.009327070610245292
-0.31141845657266876
0.2483149886626108
0.8572251095870289
-0.8435287092063051
0.19348990720247405
0.6861062190238381
0.014302156154101242
0.14761199017285564
-0.7147875375897483
-0.9242970447539423
-0.3141428311492329
0.10543667933462264
-0.11464205776056846
-0.7301464739017323
-0.701020272708178
0.9443317416573835
-0.40022895105167255
0.04396730420635975
-0.004554995657165106
-0.5451709677654819
-0.8985774752287696
-0.9064350357352529
0.4976340302600606
-0.6804245327511473
0.2602528638975523
-0.7544148924834717
0.850844724352402
-0.7462409761285755
-0.46571524879240256
0.8117239043365057
0.875031348459232
0.5001103090569259
0.7980268503215708
0.6609416207849965
-0.8974773722697127
-0.2992372152929361
0.016649386668961208
0.8802948039032539
-0.8750250558101365
0.6464052175291923
0.42265710266081635
0.5848578777742703
0.1487548415252129
-0.3699761356519675
0.5173910534140471
0.12211438717635814
0.18628455753915718
0.8664225641680374
0.6199743872558727
0.3827418267610274
0.5706263620127341
-0.980168414053034
0.2708553842795751
0.5414420037767735
0.9972141435940884
0.2990570456875641
0.7138578632674271
-0.3677919992152683
0.6892762868600362
0.31900598079829434
-0.6479145388548899
0.5227151110223771
0.9498002684205729
0.3868471625463126
0.42447813789477973
0.779894922213918
0.3746596116551819
-0.4353889570613838
0.08319214633342065
-0.4258777035677852
-0.06932399221201746
0.62258172151164
-0.23348649169282565
0.017566959912665547
0.24188989871297095
-0.8968647164441264
-0.39126124511093585
-0.8345524850892683
0.7519511896875255
-0.0886393516038837
0.7898089287388605
-0.08780397823582375
-0.7763159274994151
0.24076963754094893
0.5920192654159435
-0.9427867781432162
-0.9188218742923338
0.0827037908401449
-0.8577525099090575
-0.9843145312477197
-0.2002737520789475
0.16156403880120984
-0.38282360886095423
-0.021742996280284643
0.810313866532361
-0.40573436124251194
-0.3858916854139185
-0.24206622089490426
0.24375871074182776
0.3212789122138926
-0.6594100847962674
-0.7251871867109316
-0.42917352298065436
-0.7311777413158291
0.6749039669704593
0.9149014829057223
-0.6618915084140176
-0.9946129069845777
0.748726838948105
-0.2894717305421317
0.22179140942713294
0.5079136326054197
0.5591027205552699
0.10714615849644282
-0.8692853433958405
-0.4119543874424867
-0.9959109597704574
0.6580584431009084
0.06312260281348214
0.7967694888661521
0.09573860640470366
-0.6636967933023357
0.08486370722032532
-0.4461726251912401
-0.08325972901891276
0.8747283825328909
-0.8494749022051193
0.7905610618726437
-0.43445024386952547
0.6097233160019953
-0.5966444749539177
-0.7169266566799388
0.8802481711834418
-0.6073917650318221
0.38610114121833794
-0.18738127008849514
0.083510555594281
-0.5048674533053725
-0.8952877047640175
0.7199416918103236
-0.024775313343330607
0.9406613004644864
-0.015261912641032271
0.2570618102221738
-0.5338420349262576
0.757159051778113
-0.7450866848618476
-0.10339249145848872
-0.6137646678094579
-0.4126889274583656
-0.8605621303287443
0.9488240646776047
-0.06708287255887635
0.9488896026705245
0.20247221071531762
0.27653638071000586
0.6355416782650798
-0.18252190799813084
-0.2217783834838447
0.9973908994203995
-0.7695257425625102
0.5005907045288027
0.6328093755152082
0.9782847572676838
0.0551785685639703
0.335874050188534
-0.8333154606063731
0.526577547750954
-0.1332978637794373
0.948783830288469
0.8684597407011572
0.4649224446842044
0.0199830428659169
-0.5996282126011305
-0.8436770210255495
-0.46320018131890706
0.8082358220348904
-0.16170175452175672
0.955526737886103
0.4452325321228614
-0.038360494720485416
-0.6296482953800298
-0.6460251494984646
-0.10268443491223689
0.5850090520063078
-0.8294699229271332
-0.9205851004489856
-0.25080648884836076
-0.607791549952541
-0.5004962996128808
-0.21084548747252052
-0.36282740073804143
0.33675225310340595
-0.026877230790169016
0.00012713240779804735
-0.9791153938523873
0.9066967311866441
-0.43446716366097804
0.6412381533254274
0.6746293515948483
0.21893623550491914
0.7094267023083207
0.17003467519363036
-0.5642242688607169
0.3758766100797024
-0.9916066616542869
-0.33603220348773033
-0.8173947754129034
0.4436084143556076
-0.523162148889516
-0.016703454254634265
-0.34598928444011134
-0.6369300035245908
0.25334917888734587
0.28438323339710303
0.26016652064878265
-0.8046842885886745
0.11905132527414719
-0.21033592550195968
0.43221577179009163
-0.13325740318509016
-0.48725137636297
0.4319886424020827
0.1990985769634359
0.7281001269010936
-0.6826738680975366
0.8511380850204324
0.5425914721950318
-0.6722148173719638
-0.8986168060602713
-0.6570525022318676
-0.3077173648845868
0.9485430796620891
-0.32411101869205017
0.9287787330782253
0.3907261687175827
-0.06617116623471331
-0.15219404672629766
-0.1954075697465758
-0.33025233183334723
0.31648038093587183
0.07302774196115114
0.5133977462419304
0.1819335132787132
-0.4690133708351081
0.4344004811732096
0.8162019510373393
0.6893410286100399
-0.991050514080539
-0.3278088517058555
0.4838373243624772
-0.22491265032047525
-0.08791777714369298
-0.10975354054981845
-0.8785363115062732
0.0730972951900668
0.387911694797767
0.8504832776435793
-0.5576309921983889
-0.474574314900418
0.5746705104495375
0.1897254400753403
-0.07840389925793123
0.3506620509518652
0.800716142803912
-0.38064530556498877
0.5931125372076451
-0.5396347403324735
-0.1965599185815201
-0.043200016951469467
0.04556427742952551
-0.251686465449696
-0.06961928337132117
-0.14511758475010983
0.8221852611992206
-0.16897145143019876
0.941684822185183
-0.8471041676338495
0.13871776351389187
0.8045999169283948
-0.10624751411696542
-0.9941670158811771
0.6814166647336752
0.20965206299723382
0.6026073016119144
-0.692436240998854
-0.17614242504281874
0.3871247569619394
0.5327630296927588
-0.5320506240645202
-0.466283566589468
0.5946202018362032
0.851544630327334
0.35146807588725326
0.6855997673573337
0.466615062677036
0.987203219636678
-0.4364349667682359
0.17244115997148635
-0.8671745914261879
0.9870443696736386
-0.1424124957146946
0.37923024532519034
-0.9891513558363259
0.47010912566313334
0.578938884029925
-0.6521124154389473
0.3547743512827968
0.6857358880022328
-0.765555045539049
0.8659173313008823
-0.5697842176332628
-0.44229010139222824
0.6100801056030423
-0.6306596168138929
0.7349913755758035
-0.10169243508488668
-0.5154655839826836
0.6448216368372395
-0.6741326449433294
-0.7933711025585293
0.11133476242841955
-0.9444399138195285
-0.5001766049408771
0.8248881732954236
0.46531856598158794
-0.6508877218054434
-0.881674212564733
0.4576298056427699
-0.04272326956047601
0.4179062335816013
-0.1578531606307303
-0.048221773061800866
0.004070084696767173
0.7451560876315015
0.18452436663523097
0.6394728007081061
0.5741446949046349
-0.7152889026369047
-0.9686694557254847
0.03645930990135726
-0.9805860490724163
-0.9406278422506382
-0.8881455503097866
-0.1774911879543135
0.232445611728759
-0.2317351433304169
0.455170668449566
0.07093012629749595
-0.8187685869361594
-0.5639283273914595
0.588929366271389
0.4462389823155797
0.4295772820528425
-0.28099678813396656
0.6051518481188431
-0.3178635641729306
0.4325084684088709
0.8742457100359342
0.8274504148163386
0.7215700426387675
0.7777157822435585
-0.3216917594975033
0.5480995730583613
-0.07688920746738348
0.05850720187463598
-0.5773791008861129
-0.8966187923722337
-0.5533303285509117
0.15892501154747718
0.08731408257260287
-0.7266423428336335
0.6661607629434514
0.9821015993352125
0.7104976234005753
0.09363570130919996
0.06483844045444487
0.8969891820548255
0.7816999130464248
-0.4787889942173422
-0.6151630354730959
-0.15888276669778634
0.3387657340362622
-0.9027919534573232
0.9352406608517876
-0.37552434067279283
-0.2205587086172125
-0.46678258597699673
0.8598993615522228
-0.9067409411507554
-0.5694099570692863
-0.6859177937549519
0.023842111873507266
0.9919208381864337
0.18823989166401356
-0.5255687472224311
0.6889152790838224
-0.3557644557105508
0.5214417361044286
0.4517694296316206
0.7082509632899892
0.011705170235137397
0.37099700502126143
-0.6374875949483982
0.34746809184089433
-0.021542629072835773
0.8291206709065133
-0.04610685955121352
-0.1072298487755432
-0.9213913783821384
-0.06460400500215835
0.3049222625703558
-0.0591086990861327
0.2920056845165726
0.9844053582069057
0.16148831989397605
-0.24025997284887946
-0.24760481036749682
-0.7521161588280914
0.74411077162323
0.05624870199363641
0.5762022418778543
-0.6031035970790299
0.3573747877008093
0.9816384233077697
0.17017269681636638
0.0505162121632694
0.10783771671353382
0.5608810985936483
0.297792176304982
-0.9898885135630386
0.4456573326587523
0.6467362949267759
-0.9925490857518862
-0.3551438036947663
-0.8813814926340038
-0.9081894110646549
-0.8225045138342078
-0.33089785742013067
0.656470038506471
-0.21669179715216647
0.44600049920796137
0.5639311104815077
-0.1874316189736689
-0.1868093518755778
0.9532652724332946
0.4615965649699001
-0.6396122866264409
0.8346326021793256
0.046241046416413356
0.8062541762836208
-0.11062717464682947
0.46317226154908275
0.8657160513941347
-0.6848897108283993
0.45773616403816364
-0.41181240474564995
-0.25725834963795746
0.10445020769963564
-0.5433272981476043
-0.24772448989962936
-0.490451462492169
-0.017301031282544566
-0.7962260055226693
0.7875744462390433
0.08535864352587152
0.6918988082399811
-0.5226189378394488
0.1923737635525773
-0.9892974978177518
-0.044767596512374386
0.9175139866266617
0.14516408714676032
0.6564933615424746
0.11134939134065114
-0.5560063589250885
0.4342830456630824
0.803680002917305
-0.22952154049199036
-0.8047736800908467
-0.2071269255792394
-0.4349663091569942
-0.9297018107972876
0.14807826003494906
0.4916022453513411
-0.631552033104033
0.6550935659109023
-0.6853243779533735
0.4817559114401515
-0.37374278624991164
0.09870173616936273
0.035628174508517185
0.9805026779959987
0.396684458219277
0.472507244287675
0.512903432945909
-0.412311698221556
-0.4042498175936786
-0.8498777461770222
-0.5764218720195493
0.27172374933388466
0.5321134658724114
0.26782743043572443
0.4406371663312245
-0.4529501984141564
-0.1155992306546727
-0.3806516019014259
0.23730359933985468
0.566882790767234
-0.7843134195522385
-0.7746111692872448
0.1306074130961059
0.8428592045014491
-0.11960268134874741
0.8632592605449998
0.1656068186198818
0.6300829391807627
-0.8949819479223542
-0.3379706764205943
0.31174240469923276
-0.9586077566158966
-0.6414268989516638
-0.4435174164295248
0.4947675203251578
0.9083072678396444
0.3155895825708803
-0.4749914194104834
0.6694569108321273
-0.5710747245873906
-0.6164748634492412
-0.18167365267384472
-0.14210955015224958
-0.35237445154613756
0.44521541025042444
0.13572115876265256
0.798109124782997
0.83863945358218
0.9360120041680084
-0.38249811171598247
0.11178487975899021
-0.6694301121111188
-0.6932947583242048
0.1240247941230439
0.7153520545241696
-0.37873971312128285
-0.41512820698716557
0.20297095559943878
-0.7187033004128371
0.00980602067566827
-0.12466799416722729
0.7507376490079569
0.28219935547069563
-0.16898319789260752
-0.5337536300902457
0.9178027119341501
0.19301872334032666
-0.17626747004795362
-0.2898269621425096
-0.9192037333131158
-0.35272972443925377
0.9551849778336003
-0.2802936000840055
-0.032477047702765605
0.5991261992539259
-0.7511229217820996
-0.41013188278824053
-0.9903348750644803
0.32611992627796704
-0.9336628766566257
0.2965648197068582
0.9800394295924943
-0.8430320518920087
0.3420492627317757
-0.3273441376551973
0.18543281734522088
-0.8632179528256083
-0.6642296156158471
0.4423878051180612
-0.2535381377775978
-0.5211658509928083
0.6420788793659185
-0.4472470826167736
0.6850436559601123
0.8545507916717592
-0.8444974320344758
-0.2642294994357972
-0.699213282931241
0.333075928431797
-0.4726047127648778
0.07947305186062859
-0.8546439284543621
0.2569184483911533
0.1354062217112295
-0.6662547256888081
0.4842279201383872
0.27416632593683654
0.3404104827309855
-0.7060839981886424
-0.131296684370537
-0.1885281112999886
-0.27815432743851876
0.1100346745716041
0.7797128205392707
0.7758935846222554
0.33728201083456666
0.7146006127018543
-0.8190583833474416
0.024638015030533866
-0.4562208617044088
-0.30112799397819057
0.4824151841514033
-0.0015419368972586778
0.24204280480495988
-0.7678581513559681
-0.6668304719962739
0.9007302804896191
0.2523481089746873
-0.2137389447060234
0.43605547592437843
0.868674699134365
0.8573854802041971
-0.0830719202590331
-0.2718950683387247
-0.13066158015054308
0.8707837210981908
0.19322886591159438
-0.76062731533568
0.2840061207280442
-0.6167313155857128
-0.43003100316800835
0.7279667309330939
-0.07706211274343078
-0.1371606127598155
0.7867111786706775
-0.1191391989784456
0.8307020931305746
0.9594688538894951
-0.558574316359497
0.7837689184918553
-0.009288472502155809
0.48627191532565495
-0.4034151724005126
-0.3167830474607396
-0.36676565884903
0.31252784801660005
0.024025271284429328
0.04597140468280614
-0.7409245437779142
-0.47936196191956437
0.5422080269422103
0.9704295153651434
-0.22161912878275536
-0.0021025453885743506
-0.543950021066228
0.9387690550096319
0.8010099012588603
0.6654443275544322
-0.6685783619068175
-0.8832365846063732
-0.7741313011244111
-0.06930487331034318
0.65550305352736
-0.05867617334583053
0.6621628339202872
0.8044345652802651
0.25964815269873376
-0.7350316225866078
0.8728962656785362
0.0883947495854005
-0.9386318942482774
0.579889333428754
0.2626746376027522
0.22445969629798657
-0.6300973425064862
-0.4289086818583838
-0.809835007019003
-0.37670918930379615
-0.7679796225845579
0.3284062832202783
-0.707877729868964
-0.060310907582420414
-0.5541292660441397
-0.5137184788429956
0.04776288344413526
-0.008585405773448684
0.2928517761428362
-0.6237956293808951
0.03786996218495853
-0.6271515894937849
-0.4193610405311774
-0.4141191122368406
0.26546208320452314
-0.005021033061285651
-0.16443374729804816
0.8751657038768716
0.5752045715096001
-0.40081346696208775
0.06391027858031406
-0.3377913299597082
-0.26266270346929343
0.8185602925418152
-0.6527749371421396
0.18167403935003934
0.9487572014022843
0.8107319203059691
0.8711483226199046
0.6716435147388697
-0.42772130450778767
0.4463753990934034
-0.9123114955780725
-0.3178089709410419
0.6697455514708146
-0.9308087977175177
0.4542481397999061
-0.08923123647146824
-0.6536039150134232
-0.019858769817915345
-0.022374026465939556
0.14026820740857437
0.9258980815673559
0.3850660229674321
-0.627392524067129
0.21427500133741328
-0.9363225028107274
-0.43892754321926164
0.38019546730714926
-0.9068817719405042
-0.4304564592091382
0.5190641302213383
0.8540674693339836
-0.9931460692237468
0.13962218460926112
-0.6596388304835015
-0.9760509442463172
-0.8533632284106087
-0.28467288339262087
-0.756253431519047
0.783993648939368
0.5804459159121276
-0.5118102551966386
-0.4502094667375276
-0.31347506192135555
-0.17410020714357533
0.29037623194823436
-0.7480865848667209
0.7674715773731726
-0.39205715979639244
0.8900105110399636
-0.6302875290250332
-0.4531911596766711
-0.6619959433692924
0.3765426475038145
-0.3860803838780422
0.4439974707620953
-0.6734663383683015
0.617724490976491
0.43126656116506545
-0.7680295453289345
0.21260893525619196
-0.9266118242659582
0.3434007516479174
-0.36169382320917354
0.18393161008962444
0.22949643731279368
0.7119523166061132
0.0856770021244948
-0.13784368318217877
-0.8085813056421134
0.511716805821318
-0.10392204584611586
0.274394174005671
0.49336344846384916
-0.6455092447272031
0.31363059387485204
-0.7621732157654091
-0.04383549450724611
0.11557190380726223
-0.17768156867359441
0.9468732886605342
-0.2683853583714997
-0.8251572288582107
0.2947887860278462
-0.7758545009561149
0.03653579285787867
-0.511847486061366
-0.23358005387683112
0.461435516363615
-0.8383879513813515
-0.06882048025091714
0.621020442399123
0.6580268889252316
-0.6735664919621029
-0.8715673546221256
-0.699756488212909
0.1707221253772928
-0.19350348412364693
-0.3745757257474067
0.2711748596922463
0.5229462339307684
0.33157703304507913
-0.3405149998050341
0.3343391567926379
0.9601348161935279
0.9433182153608892
0.9281745614115466
-0.20222350248123755
-0.4960695685268184
0.7091592539540696
0.8599919269488092
0.8658332879843817
-0.06785387239659357
0.581764528575069
-0.33772160785215943
0.5441697014674078
-0.8927922748894888
0.05273346385056987
-0.013411069607077719
-0.05306650655993961
-0.15174122341599716
0.821857422626056
-0.1480121759289037
-0.26307779848864876
-0.6611909423068059
0.6773569082570712
0.45578834280295033
-0.5858457363795535
0.7951565018258782
-0.045767013427890024
0.09037212552239948
-0.5343382540863884
0.9574011455788067
-0.15741480662096063
-0.1588767526055188
0.5314056230434112
0.7643690233237814
0.11627685055219406
0.052035765308970916
0.15684253268659698
0.07142402378408663
0.7025554677509587
0.07338009658612688
0.45918162317886524
0.3089767773754042
0.5948209125097683
0.2994818613045245
0.20700201930841056
-0.596219222229758
0.03563596909607103
-0.37257982336410334
0.1400846688746169
0.6658488729940206
-0.8006944671537324
-0.026729701654695903
-0.3400100973240876
-0.49041040620957066
0.442079061336218
0.0778454573808065
-0.6715112598093804
0.43400349286005757
-0.36754573508890975
-0.2977600295979006
0.7795263055655486
-0.5493369525564649
0.8597835876695075
-0.8005278006147212
-0.29293455518271827
-0.40162830230769253
0.9316725932028489
0.37371707606372784
0.06878277951956746
-0.19976555518994998
0.49691800337392156
0.6674825796623007
-0.5365874937714046
-0.3048054100759632
-0.8093222148229686
0.8145509133488109
-0.4971663340633494
-0.08500126125805929
-0.6922968367236211
-0.4756572867382973
0.8402378366045613
-0.48966749150732536
-0.5621597214597529
-0.1194758726568741
-0.5562268942229018
0.8472485049298037
-0.26491601596741954
0.683834917709707
-0.6954860665325926
0.04907743608731652
-0.5047709855764873
0.8165127910425085
-0.6447450036179183
-0.4333456800900839
0.7244881153388245
-0.19179435347425744
0.7261588215056751
0.48945216882831377
0.13147605964774822
-0.002367960032174876
-0.5604972934825649
0.8237654457453589
-0.7409705286026855
-0.10751783512309254
0.7131454413145397
-0.7147304991564443
-0.4863756459614701
0.6349083609395738
0.44370712265163226
-0.18082723863092576
-0.3356336654451353
-0.2769495748939377
0.17505594976052108
0.5380660741124919
-0.1602874794404483
-0.1446274490542434
-0.5813937218211991
-0.2958835831878506
0.17121500141784396
0.021395828412525297
-0.8930052776284017
-0.334396794902561
-0.8343582825466542
-0.3657575507370938
0.6440353853752556
0.3069513081025772
0.8094387099525227
-0.46570338192274563
-0.4314623554119916
-0.24234637529702296
0.18368634573120635
0.03645524390035604
0.9427733452437725
0.05795174065999231
0.011227143446781884
-0.35640549605210503
0.3987672572652958
-0.8599498574455375
0.31642405171093935
0.5496273673486181
-0.076768172624466
-0.402733121471468
-0.4811731791402911
0.28306722705364784
0.02970766990060203
0.3541969886586993
-0.49709805267893925
0.4857681456974754
-0.23525245356122193
0.6506116951539378
-0.13524350759780446
-0.43032131711100385
0.20986510214851295
-0.6938876108491057
-0.16473099021138582
-0.0741652172574021
0.7294679949115028
-0.5275546178299566
-0.5492051658770307
0.17099130872928936
0.5169792836026483
0.49504017328944894
0.2098276193672357
0.17368465212882
0.49928336528547934
-0.42745057233562345
-0.23051418465477624
0.3942511542873084
-0.29789919543570487
-0.3841079954810982
-0.7061609019778177
0.28376078391166404
0.9731286501886867
-0.627530515053371
0.5846532938073941
0.1412491804896281
-0.7413828453219098
0.49936851321978803
0.6011508518681721
0.28430397060358237
0.6993515067160185
-0.1411066167902686
-0.6837367264384799
-0.3821221806088899
-0.24790377719406131
0.8404832744523654
-0.9551930577794043
0.9335438484467724
0.29094933654219224
0.5668883506218292
-0.5060353924229681
0.8096163169855413
-0.4917772715821249
-0.5665335567197005
0.34797588176222005
-0.4091389533349905
-0.029567790126563853
0.08023738513532885
0.517976746952415
-0.47871454571077976
0.31310572901912037
0.5848448781343689
0.24133949983282976
-0.5948388789700076
0.5254998616133675
0.9127013263849098
-0.45024145142046335
-0.830407940663048
-0.8690842720905221
0.276382966105877
0.0481160426308338
-0.48724232397602973
-0.9330176828578971
0.19560280381807105
0.8513697307155055
0.10961810737360844
0.5595189750139091
0.1256319392186107
-0.04183230706624075
0.21967122366567615
-0.4634843259131376
-0.4040034264460106
-0.2018017782717041
-0.08046603543366393
-0.6652513036773702
0.5256324926865346
-0.3929554273437954
-0.13888773851725134
0.31945664216588043
-0.04375168284024333
-0.9859132760272589
0.09238273276448417
-0.7355647344813934
0.9360005858127238
-0.20561138596763895
-0.8362374359747669
-0.3446007330677807
0.8806234644628821
-0.2937351853176411
-0.06153918819288551
-0.34141319589391483
-0.6884391558061529
0.7808924707820522
-0.44514142183973715
0.11100768000515115
0.26961130997055993
-0.53097007295029
-0.4349150718949406
0.36605070423574304
0.885697585898156
0.6471469788604312
0.35576920197169515
-0.19513387001323457
-0.06952549894622106
0.6363109450480897
-0.756012613810902
0.05839957979082655
-0.15300062030054473
0.00938457967907702
0.7701733187380579
-0.049304178161199586
0.018251943340697574
0.8827752309618622
-0.32186271475341743
-0.9718611676063809
0.7611981514074431
-0.8785056405085512
-0.4379539842457869
0.6897065776434066
0.788945313096205
0.4384421573497279
0.13713215304693271
-0.524681723091607
0.7299835008917126
-0.24087780183538898
-0.19718367297900996
-0.89474889220827
0.06388760498396895
0.8479946935183837
-0.3603490057695755
-0.15141108551046667
0.2328693384906706
-0.8002894598986419
-0.7643870118993585
0.45165601811902434
-0.02675876330988558
-0.001610753091827677
-0.5046755156777416
0.9429761185892522
-0.2937172675328763
0.06349137030278196
0.03381808316980961
-0.9335478815845919
-0.6215828891504311
-0.5198734481225846
0.8479537530576033
0.6504766849347876
0.7544203803888803
-0.41852636310528624
0.7369175536123305
-0.8080813343144029
0.8541419485367756
-0.562813362576807
0.2904471009612384
0.621880902868849
-0.5352167265335954
0.7876989526239495
-0.3711986567808445
0.024183220149935902
-0.3611647699440401
0.6695960557106793
-0.7353744501287656
0.40412748896807194
0.40363192754602184
-0.9236604302889613
-0.7008514363392406
0.08380548341635996
-0.5077800075393764
0.15964990110987598
0.5938777331053318
-0.11104375632319852
-0.7513628071478067
0.7063172237301392
-0.17790437612097776
0.3336066730556513
-0.4207798384080974
0.08875981885138828
-0.5681488204301555
-0.9100898879251476
0.49749912348885417
-0.7886645999786315
0.6173059561383483
0.5781804148953442
-0.5289238562134244
-0.16941683929812545
-0.026195569786290118
0.4946737072661369
-0.23201251367787634
-0.8870154032260718
-0.7510771078690628
-0.8959114577879224
0.33560560361151204
0.9569580225460166
0.4131132211116433
0.3823681976748887
0.4849309576679217
0.7808219493651858
-0.299054223015937
0.686894878576072
-0.4759326768355192
0.5968253935152876
0.2844517402298614
-0.24967263172195775
0.3972970146460477
-0.7979718135278155
0.8462908909456375
0.3699581359615294
0.08552561576828133
0.24325745531425613
-0.936676233860309
0.15247990143884826
-0.9952887562333763
-0.4657284750083066
-0.26519955702424625
-0.853159027767102
0.0011382651134399513
-0.7746803156273847
-0.34769473791606753
0.4952133090201365
0.8298946924935309
0.7607969528477037
0.9253346724175746
0.9760003946262428
-0.40629467982525425
-0.7396581794533132
0.009521099574873348
-0.35950137800560866
0.06613015995114813
0.4860161083283081
0.894457196372642
0.6532691038843039
-0.37404586223032044
0.5485451859864567
0.8545440619080389
0.690585096348667
0.37417206300776695
-0.06148851453938353
0.9630555566848589
-0.3255149813268694
-0.5130965824853184
-0.17894978607649525
0.32132426801232694
0.07081236861585882
-0.9205798937418315
-0.6364118589869021
-0.5914397938751981
-0.9395543770222683
0.06909891530346202
-0.4919330598182774
0.4991635719965659
0.49083285338295646
-0.09857052337539085
-0.6682913138685489
0.7462579967939131
0.3513833234104973
0.726338725255707
-0.36196465344847395
-0.28015572885764684
-0.16306891708113347
-0.10458467743861388
-0.6315280157738901
0.7572658988548224
-0.9411976778434687
0.03396693421159869
-0.41702380692234997
-0.0213463774493714
-0.6600589751595618
-0.9101688711467282
-0.8353230009664401
-0.33539263008923936
-0.182326439017797
-0.25037933963789016
0.8023571804268532
-0.8302422863576919
-0.021587582676591666
-0.09807588543518775
0.22954277738938345
-0.19494992262767896
0.12869401801355718
-0.858128666862267
0.45052884515462277
-0.9612258456760658
-0.33053336488612484
-0.9007269842743244
0.5385375567815875
0.9004222323395619
-0.9816839270090427
-0.7385380445753431
-0.820815063482796
0.20379655524448337
0.36293915065037385
0.7624103830696463
0.03246982788703279
0.06969067933441941
-0.9966804804974181
0.25317423890418556
-0.2911954441177742
-0.8217340632156767
-0.15476557806638613
0.7352326891837893
-0.014917124259314907
0.9021096267173812
-0.3671724102134284
-0.8315728312380528
0.7168530393940646
0.2943905754055105
0.03139008113208841
0.4868670327429301
0.5750631831112232
0.2896493858004634
-0.6755144531766966
0.0864342942423253
-0.0878856739388969
-0.23293761484895126
0.3420435267748181
0.46891223320045516
-0.5055689706861026
-0.8610589455865725
-0.397544970832842
0.8812091297672309
-0.9173191005743777
-0.5326467590862436
0.7435916996489893
0.44340017056005965
0.9633509562975533
-0.43015336316421204
-0.2765044841533244
-0.17502411219128966
0.9124059298779712
0.4415004596895884
0.5488895505491078
0.3626078763891707
0.5540814767318338
0.14974721705049387
-0.4100849349847777
-0.3228055999496413
-0.4170752365456101
0.05718320584504144
-0.12117882614233211
-0.41082945781117397
0.4921919558066854
-0.8496746034177063
0.2978100031052604
-0.9331006223554628
0.24495286199259114
0.3965314337976298
-0.07610852346705577
0.2877034521164097
0.7944168832435019
-0.8238440450047695
-0.8598320817578409
0.5737380120514266
-0.20587045984711794
0.48008829426233546
-0.8512048457684316
-0.9200282856504911
0.03362946336985995
-0.7605170526651985
-0.470905581471714
-0.4833709374735011
0.14508555420695202
0.6728781626481919
0.06743804737726489
-0.8566738032983385
-0.051529821649823004
-0.6835675056226174
0.29051578395154043
0.7413958270491678
0.5253551602057684
0.36795180420289575
-0.43352577369602474
-0.3987263291499137
0.036345356451606525
-0.6474081326947869
-0.6437933442706925
0.04763081121157953
-0.2754773136035542
-0.13551032559180154
0.7618701253149323
-0.6942948926817667
0.45458129794898006
-0.44560051880786844
0.7188359089970753
0.6767971691284378
-0.9788738656536384
-0.7126310995811371
0.39142795056850255
-0.5043641561710233
-0.5784628281561093
0.49946761363095016
-0.10849330300624294
0.8361455295078779
-0.2794057577139273
0.46031903252955697
0.1315193856347061
0.961522820377485
-0.44699775344258685
-0.9119434369163073
-0.7050245713989507
0.053524971993443415
0.3195554052325913
0.9745103568970217
-0.44091616969825154
0.4770150751023472
-0.6364469140832527
-0.8397922427102653
-0.8357055346189173
0.7955441930166285
0.34133277527762673
0.5161723740094772
-0.45941516964044604
0.7371510888267432
-0.6231702242207378
-0.4633500089294116
-0.163600609613602
0.4624584335497166
-0.4212812178106631
-0.4715334350838749
0.04291452373107574
-0.6870460920537484
0.3916006421513778
0.8058890361211435
0.25906053683760977
0.3681258636687703
-0.4520602069224575
-0.018365233263027303
0.3083872480728813
-0.7321109138270936
0.2586462349063148
0.4301823010537795
0.7865850513325923
-0.4171922399951209
-0.4115200924930267
-0.26266490467258863
0.5138491023851914
0.09651710436642258
0.20945165981657254
-0.46749498020736757
-0.5314570476178586
-0.42903877729684203
0.39032621974751525
-0.8270694316128997
-0.7402228203089023
0.01760691020359917
-0.08994442293701033
-0.5243095822208443
-0.522288782928233
0.09702702702961541
-0.22889507405609733
-0.04960632111326513
-0.02109816686306676
-0.5295741408000825
-0.7029285365799365
0.7414198372012177
0.02892004979606866
0.7202851719370469
0.9459947455517277
0.3437852147366016
-0.2972450780109499
0.8208785864086114
0.3203280536118023
0.05441930234214509
0.872405366745914
0.12717424647152553
0.22473659361289156
0.1767230255022192
-0.7444120488266524
0.31164719131825547
-0.02263114430836266
0.7597067783913676
0.58218295701269
-0.36743341474519386
-0.8173512192681014
0.14811008660193337
0.7336018608219672
0.036199244672556086
-0.6679116082525436
0.6882500091799122
-0.8943251251764752
0.5846036406006341
-0.5254671497785302
-0.8089757347498341
-0.6088917138035879
-0.6037097521888881
-0.5374952921019001
-0.92427059668053
0.9266569807824512
0.34361207913410596
-0.03249654852621342
0.9085865957829351
-0.4911579123984908
0.16917112770790865
-0.9616149573362069
0.06156695395279055
-0.7116561118836569
-0.9217927291362009
-0.4464530054109297
0.888388657356153
-0.871691826737298
0.009234437788779637
-0.0016341163352433519
0.3700393918534328
0.1001491424454275
0.8243742395048606
0.7740350352836778
0.4454771510775015
-0.09090340374442762
-0.1802818812679272
-0.9487445615475802
-0.3703809164358318
0.44174165808108734
-0.3351197144055027
0.5462837350657899
-0.9557800539758627
0.5208722404929733
0.7832596165247256
0.7860375755885345
0.900320198661964
-0.6073466622388453
0.6779541846460555
0.9494395231765518
-0.009983886437959777
0.6823838175245356
-0.7626550924135065
-0.46221294158742365
-0.7120328096257085
-0.3539615238819105
-0.9066078907938173
0.008633196753336403
0.8565378421258545
-0.5125824643506207
0.42770182398838386
0.9601020945309076
0.5951763595247412
0.4009264956253029
0.8971189486588158
0.2270285278425077
-0.49125338591211265
-0.3024314973593516
-0.4728885580898843
0.5391664698481771
0.23423226301163025
0.7356624777413863
0.0053872226267897005
-0.5258156462690906
-0.846856651921672
-0.9842001282461035
-0.13081205533760842
-0.056916994005203
0.006151198882766273
-0.8565393896961921
-0.7895489412335297
0.4681580242598917
-0.6587201232034605
-0.7997584368751494
0.22829551448359564
0.13305322319948765
0.8002181524313698
0.38149410431922814
0.7773226709637879
-0.13251677280936747
-0.006935636571342663
-0.3756668417846831
-0.7584568789764858
0.5143953601148645
0.13792943427675208
-0.29768019027298687
-0.6764613379091922
0.30409418802194055
-0.9418703166904039
0.06037665512863977
0.9773380235159495
-0.8563372380943777
0.04199407672684807
-0.3293751035274537
0.3431092153672497
-0.4087749345662579
-0.7877271513452861
-0.27520851755150777
-0.07024308594148754
0.42257022058141547
0.07929860008440981
0.009509260028796929
-0.6586063231234718
0.6846260195118448
0.9099355922249956
0.2517029719205832
-0.27385312684095076
0.7394663530988923
-0.22470351937917932
-0.7113234125973087
0.4156817113593212
-0.032944800974919586
-0.0022262161826496207
-0.18538548851741998
0.86672401394817
-0.44612751967105924
-0.7393725336662331
0.8672726698110276
-0.3031323613387418
0.4803491807339888
0.8813433529810559
0.5516310421291946
-0.8827297316784835
-0.04934853584185972
-0.5823951432734684
0.584029538122246
0.23294622425227263
-0.07573747380396223
0.6012900566164094
-0.6749255257390441
0.43074419576489964
0.7674085756201248
0.3487079713354446
-0.11158575253409664
0.8778053365935965
0.31900003783058506
0.9352710537593678
0.010327041262210512
-0.6461408588123234
-0.5982673231277824
-0.5602192327171207
-0.13954912972777578
0.08733247772882247
-0.09321035527814914
-0.369071581844183
0.8466082645357371
-0.7184095812038911
0.40463088347797416
-0.9334322073727814
-0.6045102118385863
-0.11558349544413615
-0.5494388869600761
-0.6071010995059396
-0.0684140537930138
0.7115506421576385
0.5203710477670851
0.05509523526833404
0.9836070544857529
0.9648816916920597
-0.38051951582558385
-0.210117404314502
0.8289118772345099
0.3823662506160663
0.731259400399336
-0.9784913561798092
0.7433327053566616
-0.8536784560073722
-0.06530264948494757
-0.2505145904855479
0.9517091885986584
0.9851949929469295
0.3504325385312941
0.6614005049749374
-0.8700420769219828
-0.4889137214069488
-0.8623992994964391
-0.8463621923168108
-0.5090109073299991
-0.4206439772026418
0.472341205933124
-0.09899967394309583
0.004929316652739546
-0.2279837572078669
-0.8251630360310012
-0.6013009949706054
-0.0022491125879458007
0.2399092170616992
-0.9666106590444372
0.09212493143749279
-0.5948535569742037
-0.45721039685353415
0.7161533395929658
0.5618206809252244
0.19628504806372904
0.7482864370521574
-0.46609407909339673
-0.4694068147184294
-0.23171294532753128
0.9300493084778121
0.47963445972888574
0.8949593717943394
-0.09643530504866327
0.5735875191769015
-0.09593819037408413
-0.23970112369379715
-0.6970821748559772
0.3720326104424583
0.08048991379771242
0.23681876218093523
-0.5653780429358681
0.6345063376004445
0.15177994546298157
0.9532272926884484
0.9805499878033783
-0.025022847604831533
0.9715464474968984
0.5468852937601625
0.26221081975350025
0.2916570009860444
-0.69422214127363
-0.4219008500377406
0.1216254226268163
0.5018552370728826
0.1879003607580032
-0.27960676413547536
0.9822872469334447
-0.9478447995625363
-0.8145410268573281
0.08827508335755674
0.8315195311654155
-0.6833642685931292
0.13806819157723194
0.8430698901095219
-0.6060964201595413
-0.8760977869477926
-0.2618944879501406
0.38592677786596696
0.1584547830145433
-0.27261265119354294
-0.11800401248796599
-0.32344579093602444
0.1301256539778448
0.027238176612264464
-0.1257644465909864
0.48127990284585276
0.1300166417568458
-0.1270062356569026
0.6915724935734435
-0.3633865638522742
0.07934778103849371
-0.10357800292342279
0.9333598068336169
-0.6585171574893922
-0.9467607540416594
0.7787998553920232
-0.5847648875927469
-0.9655445239397653
-0.70036572319083
0.17920401349645654
-0.7163295142422972
-0.2351778680705261
0.3345540757093288
-0.2162061128550008
-0.7312879123886797
0.02430917123591425
-0.7729132344578176
-0.8058253526196741
-0.40131484388140914
-0.8108135880083098
0.32759552489003596
-0.010812229501293125
0.8452731993554883
0.5868845869536197
-0.02407469726584832
0.9939392902666597
-0.9969022030098376
0.32392312003455004
0.049683351494516304
-0.6391807622603953
-0.7299621476051721
0.7844973843340306
0.3241651782466759
0.5967991550665057
-0.6676122134970071
-0.18282402589790125
-0.08876138814650525
-0.6810731817110127
-0.9282167543422621
0.0638692791548241
-0.8429069067127204
0.8600965650807701
-0.32082237870568675
0.21121059138783305
-0.06707177766625794
-0.8229206268225964
0.49989449033632094
0.34635065538707166
-0.9229476735869313
0.56612794473033
0.10906668201084013
0.16640078837632055
-0.4807558739289084
-0.6630498802501639
-0.3168221812607912
-0.660600434064736
0.9219956837077494
0.40274601791171016
0.3597296757992998
0.7372396808181207
-0.8975994279713928
-0.7042037732623627
-0.36992141012436064
0.6126181632681678
0.8851394429766131
0.5771066130057392
0.41930937991757067
0.9658806567793417
0.8718890245036313
-0.7970651925631267
0.15403054230379087
-0.20494538777239923
0.02962750538465908
0.19362331290910895
0.78561014206411
-0.7047597318192382
-0.3641084485837658
0.7377974816361079
-0.348832036309795
-0.401862563051141
-0.5994910153705688
-0.03582310926171628
0.42711690648899747
-0.6678947331009619
0.8785269113827352
-0.09840250317565769
-0.40681959382334987
-0.48511855658729663
-0.38676283321275706
0.6042892705463445
0.08374177387920478
0.2143748437710722
-0.17301499800691178
-0.028242554508063122
0.02573969797179476
0.0757217279162119
-0.9064428601838812
-0.05217272356693847
-0.982708808494233
0.3219681335093729
-0.3521894718508658
-0.9971297342024763
-0.28599272597886594
-0.5398892329096521
-0.14405026418696432
0.6355587499647559
-0.99270835653431
-0.30692025123727795
-0.6753327972662426
0.7197326139521394
0.8433918274853407
-0.16045007832454883
-0.6676760092017526
-0.27347847179053697
-0.8361811712136622
0.5993523954871025
0.9082414634264491
-0.9134642241346063
-0.0511955493076508
-0.048786904589685376
0.750403798294691
-0.06553656806067742
0.17262158489733292
0.3426718344715822
-0.17744915198116318
0.9812189500358048
0.15184081489472567
0.7922579156566592
0.37517938134519224
-0.2822806004052456
0.8823568983356305
0.7931856511152215
-0.30559422070511744
0.9788771905562317
0.003924238573475458
0.38034747361123267
0.7053035859211014
0.9482665780384041
0.933521618388967
0.8123786477464678
-0.8990691352488853
0.4941759545100399
-0.10141592400158439
0.04153136986181383
-0.06454864470331567
0.9586879811072424
-0.803587906577391
-0.37363822054873963
-0.08834154085725743
0.4030833221469745
0.7608432333794608
-0.9821008944762821
-0.8833696367792048
-0.5552277898254379
-0.4583592618583139
0.36106762359854905
0.6321905024244849
0.06367536479319202
-0.711582841582181
-0.8676328421124166
0.6762279624421956
0.7749861110168863
0.16612591386682807
0.4289186768173374
0.7337926051262069
0.24834552337055138
0.10612136081616197
-0.6457192786461636
0.8949202581400659
0.03920227814726185
0.2464328827639275
0.6641631708983988
-0.5506241794051325
-0.7963534193736697
-0.09649023744365759
-0.03223966207313289
-0.6177849265165893
0.5943516932390731
-0.7874851651470154
0.27634965287454283
0.9867445928874148
-0.027555210336162483
0.31193187779091636
-0.2666849283348631
-0.7768588090271802
-0.7635627616056917
0.48947187503265344
0.8538715508920383
-0.07883110311714159
-0.773297427324384
-0.4638086915181414
0.23605246569546923
0.07321347610532669
0.5325496967518055
0.6641707303110613
-0.6239171197127025
-0.7278297008911916
0.08283936345029552
0.5114368818101336
-0.9375889072663566
0.4583546078176055
-0.8707261364172818
-0.8502954920230725
-0.6756040289998251
0.8672609876842221
-0.723652709135254
0.1413626322536674
0.10150634124648517
0.2332124394097519
-0.18931649848774335
-0.6450699502090473
-0.3706012175586313
-0.857374673025882
-0.4075237610849394
-0.1400472575630447
-0.26860241906958904
-0.7934423688243146
-0.30491071698752537
0.24505065923642522
-0.7157805481363966
-0.4869674954289913
-0.8206092780489007
0.48467919789709457
0.0921556410036013
-0.026302358027566308
-0.7418991942518463
0.7135186825879638
0.5000766159583934
-0.6756242288484042
-0.8470990601558772
0.9890352239416134
-0.8524497799467716
0.8673976829318941
0.3464730683966426
-0.4916769914090755
0.8863743673977333
-0.5286473674559491
0.9732385189161921
-0.22227615750364893
-0.4837656006230924
0.8605667478727379
-0.3579005263630537
0.21074995984019518
0.8265219555825305
-0.11139885444201547
0.5548817954930114
-0.8385098541798233
-0.903249951258426
-0.6655649766695886
-0.24155343825289077
0.20534878670708157
0.4387701236765298
0.7761659866453128
-0.2069122147974971
0.8894395299225382
0.9240488628125421
-0.3697604142957678
0.32413789055593445
0.05378264070111505
0.9810873077787556
-0.598655458733905
-0.6920603636919997
-0.6267459973134486
0.3112826086318867
-0.4356734613611859
-0.008135528929744451
-0.9693880484250006
0.4713581090743515
-0.4984807714669204
-0.8107817213898145
-0.008341287303481604
-0.16811909593167318
0.6248475093757471
-0.6156763149416027
0.7023616361125775
-0.7592306196086323
0.7798946150168857
0.09799651835463319
0.32126518951764327
0.8229294982078026
-0.47840598215443575
-0.20523248287160878
-0.7433133535101315
0.8813241185677791
0.6782126465405269
0.4099481236685638
0.3032165779231384
0.1943729996685446
0.0023626086554477954
-0.9958099143043684
-0.3466513797463313
-0.5363227654506211
-0.6197577000291461
0.1966272661235804
0.8013236915741724
0.20944328903964737
0.6813127122787535
-0.35316073761064715
0.857181505819824
-0.3899514169392777
0.4445475857908203
0.879210843322727
0.09046480214137165
0.5082001476891378
0.5055318844930146
-0.1890440224581471
0.6495507905181823
-0.2737168048626355
-0.25040138872486106
-0.9043053006391779
0.48664276041593046
0.9509971217868831
0.5950800813767216
-0.22731365695964745
0.5630559461793081
0.7669155601355309
0.8625207405990396
-0.7412897114282537
-0.13372299023582346
0.1192302780870913
0.2051729691421471
0.45693752370456453
0.842331388946786
0.6418960932372941
0.443640298881127
0.4126106486052721
0.9570254933699411
0.5707045266425563
-0.3295995433386665
-0.2964763318713204
0.4535251521001429
0.8139733908933471
-0.6739422060915521
-0.8827658726107344
0.2502854116399884
-0.2769627023605645
-0.9381695196749169
0.3643192486054103
-0.06512883726083363
0.593207514618812
0.48201217700472543
-0.6039499428675885
-0.849925370831877
0.16561841344472827
-0.8021922286261416
-0.47022151633802256
0.5024789527790785
0.2612323259562328
0.0711019534339501
-0.37292575869328437
0.7391319621065018
0.6283393207356927
0.6803727550672376
-0.9812104165876887
-0.38868239091828394
0.9248586926930396
0.551448390873581
0.0731402653936053
-0.781118143700263
-0.34598052653346056
-0.6881993235536297
0.9993015904840628
-0.15372999285110067
-0.5663864117791657
0.3052467446575471
-0.23564220872138875
-0.15027651318672297
-0.7533723808394936
-0.6274696532901811
0.07771112947095471
0.9545764667520735
-0.3463203250893523
-0.17048042328338697
-0.6574826678189565
-0.8015217045338254
-0.6333148522418774
-0.7684758027275693
0.857259750837772
-0.7651280252750914
-0.6259613630420853
-0.17795999377057403
-0.7157963790501005
0.9628079448528146
0.14986959755658935
0.4739790890694746
0.6377270522884722
0.6242845341775514
-0.981374588428451
0.09525684985682648
0.968911053058275
-0.6923352863560284
-0.47471978529407655
-0.41550224481170583
0.2113249242696711
0.9597554232036216
-0.11630638009535876
0.30705429454323574
-0.9718027372355862
0.15317354445608755
-0.9594027390382933
-0.4766663606208448
0.07505496838777992
0.7747821514841671
0.7521131763902311
-0.02911610715585433
-0.5840296842002082
0.4252781096381
-0.7421289711800674
-0.2533730308061817
0.6867200372150528
-0.6651872239338399
-0.6677651367490749
0.09661312406699607
0.2092377334859914
-0.7282266516526956
0.9596540905960018
-0.9281043663594144
-0.2630752085097321
-0.9928291483075369
0.05274449726439445
0.7948521174082761
-0.37232675788445735
0.5556630893469894
0.06190084303974275
0.6521608580636569
0.009313132844600558
-0.8358366190928535
0.9132997820561422
-0.23010709935809737
-0.6233673828581323
-0.48369083764328114
-0.16125085580205623
-0.8941780801361643
-0.13151652356660692
-0.7804166890113822
0.5629949019879117
0.9451868022822527
0.2880670711582105
-0.678630497559888
-0.6212861295753773
-0.5081729526967143
-0.5817137080064647
-0.6643033498516151
-0.8135998143847665
-0.6967576925277541
-0.6172078510685781
0.31712758617937364
0.5257746488087558
0.9262590721695254
-0.8944649970653129
-0.8892608400816213
-0.20543667467831006
0.8105807965719554
0.2735370052617385
0.08163067344835429
-0.864255807072063
0.31864197730496957
-0.25693152572416245
0.21853888792349951
-0.22437715312019946
-0.5381921228895441
-0.638750201266048
-0.6004652098992114
-0.06176108445463546
0.830791690590829
-0.99320123707428
-0.4774990107160675
-0.3516913306011693
0.09475838403987735
0.8546538353348654
0.23446440175611905
0.13276324381450388
-0.26691910159495125
-0.44916255837487085
-0.24812442508027654
-0.222105926123769
0.46218828043493243
-0.2764570395757371
0.9769143958185211
-0.9142826876644534
-0.9630569895701282
-0.6671069165926709
0.17141804413020267
-0.6574572202554034
-0.4481927427684498
0.21497412488160328
0.09194528723909956
-0.1694525299466394
-0.8070326787980211
-0.08479966057607013
-0.07407856289189652
0.2637312068862767
0.4861243725200679
-0.515531379986139
-0.8024351062941899
-0.9257532386255387
-0.14107534670209732
-0.9921382840861899
-0.3353387842835063
-0.9231364328029168
0.7641026944160709
0.7756324245889044
-0.9792318284102632
0.6956825422681934
0.9249921836850596
-0.23952547809946223
0.7614495954999421
0.0744211211249064
-0.5727668289017811
0.3498420841105312
0.02034321991853183
0.22705295584993457
0.07177723848196793
-0.916256094691903
0.13676866428629908
0.6533331124985589
-0.13566610482214125
0.12784908188573674
-0.4320412715797488
0.008879824333313469
-0.2406882724089725
-0.826147133691187
0.7911249242502891
0.1403917754768096
-0.11463699249334236
0.8500806540440773
-0.8690206999847827
0.79199108500641
-0.6000961490369516
-0.8588211415939062
-0.41912774343775805
0.049672875150887696
0.41914365045487867
-0.9478823083201009
0.8118780966596102
-0.179990361690336
0.39794962422105207
-0.2379349006079905
-0.3322878347458518
0.9160731306170526
-0.6594121758622364
-0.9944295064296858
0.597251444137723
0.6838251800227868
-0.6958788169661667
-0.4422555846163958
-0.46221035435809044
0.5787508268081996
0.267468458031104
0.877050991794222
0.6985232887907127
0.8391276571277095
-0.42336211443280547
-0.07668269180494303
-0.9153020690178697
0.9624001956483539
-0.10373794906151601
-0.5159175262036022
0.34397206982811834
0.46967342861157135
0.8342229806890171
0.33620398595100687
0.9005307053304059
-0.4862563153121793
-0.44943654386528986
-0.5217289570729531
0.637561903795606
-0.9750196405922462
0.5362488885253656
-0.4116979168447876
-0.28148891574354673
0.2100967607624713
0.2859449030910106
0.27149153216827804
0.9853879901008358
-0.8215460576421463
0.35211417456867844
-0.7769532704679907
-0.6374030871125025
-0.9445687827864973
-0.6146301618307419
0.9579839529593963
0.5636495774447994
-0.0014197763691066179
-0.6674954250938636
-0.3389617897547892
0.18983266301866086
-0.36072895054955834
0.7744288670830002
0.7156412352326345
0.2060207583407765
0.9442271915072578
0.5368412555341284
-0.7972510760707905
0.3430308873732535
-0.30410757211487893
0.02624175869850709
-0.605986320814661
-0.7463543690711612
0.878522075286333
-0.2719921973095827
0.2998596264700708
-0.39292019228192987
-0.24459955672231026
0.41994036148150515
0.8541351181987813
-0.5547659604815447
0.452819316340066
0.2629801794825277
0.08874486465134623
0.3257052799869249
-0.7787223164334802
-0.19448317670296156
0.5979311732157446
-0.5585264369326153
-0.20162546112018864
-0.2969020571432286
-0.9046413664820405
0.6235508731001851
0.21846418360065867
0.8765704700623635
-0.4201395923147193
-0.8598098906122542
0.858856877005534
0.29015068112570885
-0.22657796918828166
-0.16431828094269574
-0.5348525489228046
-0.4369344537847186
-0.10142183106672009
0.5773584844143673
0.11656366498813076
-0.39980838445932076
0.47518981556216655
-0.3265424434551829
-0.5346147834842405
-0.5828955056412994
0.6212734042630135
-0.4751533854793011
0.05028698671682785
0.033355056708414654
0.10198829382016816
-0.7976252560309098
-0.17637527926807217
-0.4320842745270217
-0.15485081047042826
0.20059375884959074
0.1665953159171023
0.9250924713367803
0.896735299393739
-0.02910557912262801
0.1481155536053722
0.5540052416402714
-0.5931677851092219
-0.7955673328912276
-0.1718907542531145
-0.08564053610946298
0.5810651129654971
0.6729633237821746
0.7221199690622491
0.613291315124477
0.5800633977221663
0.8650930273319888
0.6962205722690407
-0.1960976486876853
0.4531109492264924
0.2430934804646101
0.004206132564103182
0.7413205391208506
-0.5601536612376041
-0.21324146558122137
-0.24235054913880005
0.8274097988278841
-0.494333490074496
-0.9157732158332892
0.07957801092899475
0.6257912319445946
0.19847632221233358
9.383972194632051e-06
-0.39925685126808075
0.8899175527637313
0.17172836409462078
-0.844144965109465
0.7087289666260534
0.0276381454408694
0.808074337022544
-0.7804427244273064
0.3864266408108312
-0.1881040166008474
-0.6014565491703727
0.11299146143302252
0.7464597097888952
0.5206338055763469
0.7084585525799565
0.7398694349144552
0.034487258367422724
-0.26537694533707423
0.10435020588194432
0.8256805184310625
-0.29837980865592884
-0.5287812577217004
-0.9022288233597158
-0.026813061816728823
0.7765030821013958
0.8878748170381257
0.2767741174388614
-0.0697012161088364
-0.7298915013236671
-0.3871883519336028
-0.39766110839942037
-0.05590809006071695
-0.7919387129019198
-0.2981462876169465
-0.08334945636278368
-0.8711171190735887
-0.2888499452233606
0.3257028906477779
0.28174119509601936
0.45645121925893983
0.3474765604875538
-0.8449732447833671
-0.1334597993993134
0.6160350911179744
0.3146032363253817
-0.11586794676139545
0.5556830387838727
0.4726345893117532
-0.8893769763613317
0.5121388630118631
-0.5592933376107827
0.9371157113324522
0.6474307531455594
0.23785041660478634
-0.667934345789202
-0.7799803042035318
0.25855313074966957
-0.6585061478967098
0.4089296284820252
0.96113079805882
0.044004357081906864
-0.26526392385207287
-0.08824232361314199
0.21108239282405084
0.5913189485770298
0.4004982218057098
0.17141183921651204
-0.794086816753848
-0.2448448339419711
0.18787783345309172
0.49498812152322347
-0.0876633103165343
0.111003865206031
0.4190035267192882
0.8895613104280791
0.1331107048503164
0.08175400081092166
-0.7376033685380166
0.1395138592971188
-0.4731293054735597
0.8729960950941871
0.10127325640245854
0.12127770615630573
-0.04635121827217392
-0.7440317188341783
-0.6097487435098428
-0.7225679711186503
0.11492450718442515
-0.24823035804732196
-0.04894993212998977
-0.5979405119365175
-0.38063970911604983
-0.790074010898896
-0.6977143511501052
-0.37430651562520567
0.5194229282186502
0.8903618598078895
0.9613698295843078
0.95992105619217
-0.05128398856516059
-0.11148198131919007
0.7667699347564407
-0.8501823890844964
0.16560435674323526
-0.029021583098181036
0.7846876116509525
0.5810464639800235
0.7163285562991168
-0.2595946689585782
0.1361715062020621
-0.7786975462884851
-0.3581944843347553
0.7366834720599313
0.22780173493983336
0.813578315523199
0.2635541762907978
0.6493954567637323
0.7028231369697102
-0.40550075117502593
-0.597265663475673
-0.703830187499312
-0.18197252040906142
-0.013611243116674165
0.5637322622341572
-0.22631709521976084
0.07447860467115697
0.4450628424803098
0.07026673703353703
0.36610860339293994
0.9431464247174552
-0.9803169772994429
-0.14136335049639226
0.3264232739778614
0.5430862474744413
0.42493876774198847
-0.33321910645483155
-0.9623399513511195
0.17092121700548435
0.6271469715486366
-0.08725445370385376
-0.7498320153287612
0.030555733714515698
-0.03285769028204477
0.8890599502219905
0.8513981177200427
0.8155102770278249
-0.1087979782766264
0.7093919360628762
0.19753055471698433
0.7561416012679001
0.9212277953931418
-0.7940154957400116
-0.06365023987773233
0.4265235372203364
0.626281986480089
0.266117241684094
0.08755017394105069
-0.0662899199780782
-0.6591061868059664
-0.45243271379487293
0.25190673203237024
0.9325593418561686
0.3186073273086576
-0.73282831755236
0.6684273469896373
0.7850337065631823
-0.5055529658371287
0.9815783603427723
0.41724467559106926
-0.5944678525901972
0.5638529550431741
-0.9531101312510102
-0.04945293938133455
-0.6058711302397735
-0.5760677404072867
-0.26249594635361584
-0.6670055525325171
0.25316598606570073
-0.03677338663945773
-0.26024529371600735
-0.7060628928616506
0.9099199860784146
0.6355166271070833
0.5535428563620859
-0.5927584193754278
0.932771386988495
0.2447069038780758
0.16304863805424352
0.12511349241292846
0.33487807655745905
0.6242267945687003
0.2619830066490567
-0.8770268667726575
0.13794741519079246
-0.6463923515458623
0.6905580192674374
-0.18135245689008483
0.7556808785674896
-0.595024408663746
0.6880964706922479
0.4042600156323448
0.7829139963274354
0.2974086171536212
0.2066415233992669
-0.2690092007281266
-0.6981930826976781
-0.4412764755830927
0.9426259119847777
-0.7194521893557952
-0.7286093165883887
0.3588541828312546
-0.14540368281184723
0.5953208698992862
0.25224748333725855
-0.7823034687320793
0.4525512389314652
0.24038667284416815
-0.6544494355890704
0.5421642212017175
-0.19862460766721535
-0.6951389081236803
-0.9300664741763345
0.35715054499304366
0.20122623535108253
-0.5578951849593115
-0.4672920811204653
-0.13673217316871478
-0.21601087555622644
0.6917909256302288
-0.9866997956322114
0.10843213966756826
0.24762397980294049
-0.04276817092395002
0.23105241617761418
0.8675740704430719
-0.0955620191168638
-0.643138511948985
0.08397317885012745
0.1238949557137623
-0.9959764825872628
0.0755248932129522
-0.0031972238079622795
-0.6060999646460339
-0.9575751772275396
-0.43646225568428343
-0.36069163010548855
-0.6210118499061081
0.6722544936383144
-0.3622605875113736
-0.8482017583903392
-0.5126136175611546
0.7074549295917492
-0.11145032843300995
0.9325073779064503
-0.17126215645342002
0.8746799894086164
0.4121455224277817
0.4146285808788399
0.4805292597907491
-0.31980116209036
0.6955403745267728
-0.08627422434636411
0.806999546997007
-0.5587121743311549
-0.7715089993452839
-0.21310847490612805
-0.8725933502589429
0.8375040937286773
0.6425408336322977
-0.012156693033899879
0.07791177647581171
0.4903964931961482
-0.8877865709511641
0.48887575626137036
0.3198225132716437
0.6661474260016504
-0.538203672606886
0.8958145928059038
0.6192683239432661
0.9389309644829447
0.16971572357386977
-0.9716656120740907
0.7334734228365716
0.7843497881917159
0.8210573877632743
-0.9834692050066911
-0.12775913446651033
0.34317266319982087
-0.3963987980859245
-0.5875191994897382
0.5999515422640356
-0.740519303845645
-0.6524892085973222
-0.37098272580879277
-0.920936928431699
0.3667316379788059
0.3322485067203018
0.583905981404379
-0.8029506189073687
0.7589688873832623
-0.7243105391451441
0.20633218606500536
0.8979215474283042
-0.3286790926488721
-0.9567008815333342
-0.9290391136526839
0.20207221457241809
-0.39213761148392257
0.2813519582646904
-0.5681011281289337
0.2954909543186135
-0.7755648304622309
0.9213315580679964
-0.5509825603051159
-0.6540458221893182
-0.2040634858257111
-0.041420576487559035
0.6963367380922607
0.3384809481820379
0.6814924963483531
0.8450231185525305
0.6846973953813258
-0.4707276872875614
-0.295298773314143
0.7437135371663612
0.3620936578699647
0.6603226940150748
-0.5070701170964544
-0.9325320851826575
-0.6171834520188559
-0.1485840145777617
-0.4038398036243578
-0.05686753961923752
0.2981083848478334
-0.3891458016275968
-0.8194373873935816
0.331142833628723
-0.2660896250560767
0.984072202557754
0.16614622830126846
-0.18120644493642613
0.9928263437494913
0.5416819445436052
0.5703338179136035
-0.5015735050340522
-0.8791049413758769
0.6714828256255005
0.7329069652060634
-0.05267081326711387
0.8985199218697655
0.6054666325303084
-0.5442901714646724
-0.08036392497093114
-0.3314110750763011
-0.993010167916492
0.9584912119007036
-0.9126691809327914
0.8376813774423724
-0.486443510793543
-0.022482575483042222
0.5717392507473391
-0.5300937015900258
0.06153149371794475
-0.49463405722272347
0.3672131136253558
-0.660419556681066
0.17855453222699058
0.11725643208478087
-0.9893305511640282
-0.6577779731327562
0.7796406520823889
-0.6274170876187077
0.7214570958587296
-0.8006064934176764
0.8309778072608796
-0.9513322404255984
0.655207096208519
-0.7981718948068999
0.9993197691622826
-0.5322794360096137
0.9177883747404445
0.3701198097117322
-0.7574047340946086
-0.7882245724087646
-0.9357924174983099
0.057361815172843666
-0.25002329152306557
-0.09577363740625855
0.09639284071564891
0.34963823915497416
-0.40014844552513495
0.3014387091046584
0.20700500150431633
-0.8721444252621802
0.9138984149792195
-0.2953304561393142
-0.9686551480819883
-0.0057166223922733295
-0.7036714760345499
0.45896554919253485
0.6045855829252653
0.5188094332559587
-0.4767258160845558
-0.1314515516600092
-0.41090036049414613
-0.8367138791766884
-0.6085705366589795
-0.3607562857945674
-0.2817653951304744
-0.8564608322807932
-0.9940128379026738
0.5397590697289245
-0.10589166279515028
0.78071123344494
-0.29178232801206483
0.3463829211958578
0.7924762486568901
-0.1121876375944284
-0.19574676192476792
0.09290799358921475
-0.9931700174072018
0.6151529721790918
-0.6361049262626104
-0.9476533621147463
0.9248242046537347
0.326921461693227
-0.08212157630504735
-0.9297051069048412
0.00907288591132005
0.014047417214192004
-0.38757155028755164
-0.4456850439385238
0.25158030886791094
-0.1841040547903796
0.8067796054511449
0.20693311142253168
-0.3348887774328013
0.9065390689628992
-0.4856793847710914
0.7997769045354164
0.13279745753656202
0.2942958915061946
-0.8276883975807461
0.29306319874559605
-0.81020139379208
0.9032172025728624
0.9631309858163621
0.8398270108422587
-0.2560700656466506
-0.6051426917788716
0.903045955331109
-0.11192276463376305
0.8634221083329305
-0.5063858319545191
0.1588010183547257
0.09299563526503252
0.7702508785204683
0.48609749431373306
-0.46632434857004945
-0.18929454933963785
-0.6622722251570479
-0.6734629190323118
-0.6784810825548648
-0.13377540155493195
0.6844994817482306
-0.271568472166811
0.5191559512844626
0.5031443264241411
0.32018564364821356
-0.0997547239811265
-0.005925476810067165
0.27428265125089957
-0.045207628204279926
-0.2650391838270767
0.2578016256621507
-0.7485068829538732
-0.633165857485654
0.1926536325477224
0.42874246638149427
-0.23014109678656358
-0.9302623686353884
0.1228114769407842
-0.11969906146141107
-0.17911749431167157
-0.6596625214679539
-0.09378685667131936
-0.09446195953474668
0.12230707357954573
-0.2884129450696167
-0.2968088534898212
-0.9348198416081386
0.5661866707407723
-0.35303067784549036
0.9664747284351574
-0.1778728471120159
-0.12240427839332213
0.04451192522450231
-0.9465175043883225
-0.7786228220138092
0.3974724976142243
0.31979495439711836
-0.25963923675173817
-0.3221090797895003
-0.7094273258396366
0.7837280709645644
0.31345933087693667
0.8498543871659838
-0.9551449348276411
-0.5025699994110515
0.6204142440783296
-0.12988026685518883
0.9818812303690958
0.08605325610436965
0.3795048097902969
0.6672700358393158
-0.7984372932187653
-0.6565926630604315
-0.848077219692122
-0.1070671821524678
0.6019374396903381
-0.780219253154232
0.03623471973754033
-0.21698759893349884
0.27399783065587946
0.0018578447143675625
-0.8349277863583935
-0.9135231390482113
-0.9500511840185191
0.8630755297535371
-0.09372345875320942
0.2781591272803794
-0.14818655855490004
-0.8976254632616747
-0.24370407318189558
0.5096653173378596
0.6042306363992631
-0.4661187579805277
0.19828406653580322
-0.09288241345777237
-0.5297367736376679
-0.3799306624780465
0.8415155538698571
-0.13553839843709037
-0.660080090596268
-0.7087590017772238
-0.7257622242972901
-0.22627478858280847
0.2550108417262582
0.7358738487947798
0.4792055240008428
0.5065499135428513
0.8783399244950119
-0.17413751985158932
0.9888437983186973
-0.136305749635792
0.09232065293811953
0.9632874369618238
0.4504768011183746
0.6539727605554757
-0.879473315826536
-0.9880874159528701
0.9479254541353865
0.9762109587055989
-0.5928645791252749
0.8844908852319464
-0.4944280394364191
-0.8384939449625459
0.12067353480485066
0.038221483929696154
0.507707454920953
-0.26885300556545344
-0.7060274364356933
-0.007476721636803907
0.27786051582452287
0.13764956791762817
0.7124517803207124
0.36121851014663076
0.041977705422119094
-0.6490769842167021
-0.4552785370820345
-0.8604680051390721
0.3341388168953945
0.9157881961165295
0.28691107271234095
-0.1233501517026605
0.990095270494245
-0.944461926372886
-0.7734358790994096
0.9573078962545762
-0.3369681631280339
-0.9268525824891143
-0.03375451164448595
-0.20303591001189636
0.39436565317870853
-0.009976721332114247
-0.043632423059948966
0.3623947532422247
0.5388786759420467
-0.7938771194209575
0.728070304431518
-0.3487665198586918
0.1989223919005345
0.3783270359077604
0.08977473955534587
0.5391347561762869
-0.29179257301093675
0.3817688460215549
0.9962295590198733
-0.7773388237481533
-0.38836950577745655
-0.4413837855578351
-0.487026059783741
0.2208884543259726
0.9968325889216325
0.2488398164920247
0.5739404405063231
0.3361077797672578
0.9025553706537797
-0.023487219658545166
0.5324811256304667
0.1636234540826853
0.9870407289235643
-0.8745195368389409
0.7833996005176793
-0.43937300402377755
0.6648825514194205
0.9615166297697784
0.39750177682368926
0.2023668403613088
-0.913872379322384
0.6476265753944914
0.7854516084535368
-0.9500186918302229
-0.09069478698473077
0.1585914787858238
-0.2563262288032313
0.31026918212595267
-0.9600637341254057
-0.06588994713408747
-0.08538630289252658
-0.5916914224399046
0.028593753066446403
-0.9572131757716555
0.46299387497138844
0.8867257222347138
0.4229503778515966
0.4520523710655924
0.10194243062397823
-0.20950764076296746
0.6059866829646892
-0.5317347847017233
-0.0788955304081187
0.12194886349940348
0.21629756650813903
-0.15809794750141615
-0.8278642619817806
-0.020744771486615354
-0.5593139538184535
0.14112659004035377
-0.5823813026433666
0.048159225014613005
0.15576054902766345
0.1321797232224584
-0.10968562879052657
-0.8608296303231464
0.7211724816313176
-0.22872678110607447
-0.4178032129435585
-0.7747940399147417
-0.9322228019192242
0.6405064746634093
-0.09388546406858378
0.5962183915634984
0.23514054757512715
-0.06139078526398234
-0.6650132793434764
0.7867955234910511
0.11201313592318307
0.004170892938222259
-0.12701783730468397
0.9082652464142396
-0.8542217045577081
-0.7361499873361725
0.5305795116040544
0.24536115019751614
0.754794132238036
-0.8188187864393248
-0.4233638944002118
-0.8162920846612955
-0.36349729704400935
0.5979266950573818
0.45363306296445494
0.6358194843653604
-0.6543800229624528
0.29959979154141725
-0.7011585554206798
0.9286672981531654
0.46660890414169964
-0.516876796334935
0.42720300539609757
0.45318455838835603
-0.4994900052061717
0.856316801230121
0.48267646986098245
-0.44133135263237966
0.6206670549866677
-0.2609659926595793
0.30446300784374736
0.422124799235454
0.6135974079868898
-0.7019681153563182
0.7168058387118861
-0.9597261070500394
0.04791121985144309
0.23014280028136724
-0.8606789930067118
0.8204080275587629
-0.3938923862559611
0.43613728125540496
0.649890932980544
0.7295398096810384
0.003368462049078369
-0.659770380825603
0.5574824003873269
0.4697791686943935
-0.43297976354613277
0.47761130829833265
-0.6919813274144606
-0.3880914099561137
-0.10453788071335035
-0.39696961209234405
-0.6490966698960561
0.7460646230051364
-0.5854054022412907
0.18723033991824556
0.5973810822715964
0.9461116618176639
0.6334604103565262
-0.6260622088906302
-0.6182306184831681
0.2330172173729812
-0.262678349051672
-0.7844212382246607
0.9068425441248211
-0.7726233729160683
-0.3030538438517758
-0.685800021285202
-0.6827979716478791
0.6476764775327422
-0.6979038226063894
0.9297762219606844
0.4978369733236423
0.566687406976178
-0.11323541131556802
-0.8989252726945371
-0.43552851408223137
0.8225471580893842
0.8366651197668067
0.21531252279878776
-0.1978469369104452
0.9942899996315306
0.5633762853673958
-0.21812606903889598
-0.2704608750496942
-0.13794471577586886
-0.5061547856088298
0.710211369545273
0.9867687964410516
-0.745501048082376
0.8474240257659893
-0.6764798280488642
-0.641480029207953
0.7166865125797777
-0.862668837889496
0.8541004888327677
-0.2098288662288117
0.45139718447285926
0.692432636094384
0.02891015701728339
0.49697050223112016
-0.5181426881791726
-0.1049015078529314
-0.9553011500415343
-0.7807331824237584
0.5785231036394665
-0.5607853890165835
0.5602040562183717
-0.41292361756830065
0.7641361537508915
0.8509882035158662
-0.6574167780532156
0.6440322602542434
0.13190118167589393
0.14632250035701744
0.09386351315833585
-0.5627371255881777
-0.5887238809948476
0.9863642083866426
-0.7299164339704269
-0.7762447749256003
0.4293542857479191
-0.6407318763734247
-0.731079903986239
-0.8578433195238659
0.5738907100297497
-0.6414187206859014
0.1854796850947884
0.28124379483253614
-0.6310612286651907
-0.955442809484901
-0.09227352744113082
0.029370987344458754
-0.09583992312146772
-0.16697906737747492
-0.4149206041075917
0.9678722673140261
0.3504339602585651
-0.3836391062553606
0.03244390771632277
-0.8745767892740792
-0.11805492324989353
-0.02454360880989248
-0.6504475292853673
-0.6407137179047715
0.19008491905756708
0.5019646043316752
-0.007300124163139854
-0.25642752854032036
0.16846000923364168
-0.017305061847161074
-0.13123002412620188
-0.9999539735457905
0.08446266573981842
-0.03881971334985845
0.8138461752722606
-0.272797620365532
-0.23882440777278102
0.13408012059285368
-0.9144077691071248
0.2879962782762411
-0.057221126122208865
0.3884829714173381
0.35386266009825107
0.5155037309610471
0.03325176491455495
0.7658539051363848
-0.22720210906422156
0.9068756563661886
-0.7319580137419583
-0.37337357851055186
-0.32193501270770697
0.12461861775595384
-0.24943760440709828
0.8282105496233096
0.18647715709798862
-0.9273696946258139
0.6825785564333973
-0.5188672608682559
-0.7591649082976326
0.6436486188214052
0.33167980006395315
-0.09119233002218752
0.036666737742441446
-0.6864302582584403
0.7045792170344931
0.8226966067911248
-0.1461777980666208
-0.8954090490929352
0.6759695861852193
0.450566461129313
0.7018250484393045
0.8045734290770594
-0.4160852802895576
0.4172772339038753
0.8805457677710362
0.725784482137652
0.10764972331388067
-0.5923652212888619
-0.37354655454120445
0.85330487031928
0.44094366873316293
-0.06346361277180734
0.3238799307309106
0.5747173964535905
0.5396628706344635
-0.1991538983306409
-0.04377273162956086
0.29134837435519034
0.634235863611506
0.1288024919873514
-0.29022509635871785
0.07546818219932461
-0.4029084496328659
0.7211534773374406
-0.6409114159283433
0.08941251379991466
0.2954002169990533
0.23240803677276234
-0.6623385870759637
-0.6568171292072786
-0.12591417943569083
-0.04655796679199975
0.03810316802050262
0.6208768183222555
0.9860047717961962
0.974981537258073
-0.05929304609428132
0.9446358166340527
0.6467426492962032
0.9079769324423095
-0.3900107984269341
0.21826535468770847
-0.6486133613094156
0.9475095051082556
-0.9925317579415873
0.15872910359474557
-0.691924725419568
-0.9958720591416248
-0.5438522956854284
0.930508159830598
-0.7102091227168632
0.28328183062664203
-0.5043398001867272
0.8959492287814768
-0.22909484287769355
-0.73307584722176
0.6688618418954164
-0.7815225518110027
-0.10498188495770977
0.6698808876799591
0.4074521529033539
0.4383239040424427
0.22446555654380163
0.8827996413019272
0.1913390241397528
-0.34463367633611
-0.5554584566034397
-0.2259559880267028
-0.08722627127592042
0.4136228763322305
-0.46744998448488695
0.8858414340160194
0.8974135842579409
0.012800550595153837
0.7577656733060798
0.03578615740057245
-0.6927336364083696
0.11195119939574094
-0.3055600759912276
-0.07542395091573129
0.30391319105234893
0.7813696493881739
0.9036949530744398
0.6698713008899018
-0.34551248611653795
0.7825959228352628
-0.053787668723860094
0.4895842527003422
-0.3976604333552667
0.4828263851178214
0.6441734499058738
-0.013467174896617529
0.6873712554613767
0.4148684288093547
-0.9322832717070506
0.34115567465841345
0.18341404587043253
-0.05641495536869745
0.19877328414270634
-0.47592349354831787
-0.7071825998873789
-0.9995077853467214
-0.2497855020348394
0.8637667644385971
0.9530339884924419
0.1561834365162038
0.5361980823188184
0.3715210010757908
0.3827203227963698
-0.4217829455744142
0.956661857994916
0.011935495991727496
0.13103722320046018
0.1331340443384419
0.8508071467262466
0.34916310301865816
0.9415324039994497
-0.7844016259259319
-0.07971785076987659
-0.3424137324566987
0.9228166706698397
0.14010946734874885
-0.6844806810277733
0.7437938573051639
-0.19284837926010168
0.6193412645395975
0.03921384372664072
0.4228473914079387
0.6445963517042281
-0.25923721485722884
0.5629888502755915
0.5755057219214039
-0.2908900589780976
-0.47083642924321056
-0.8689267059795927
0.32352266606147384
-0.30312589445104376
0.7848916231645409
-0.9632798721318416
0.8955113879100631
-0.6705743759611726
-0.3337019891845343
0.07940835055321949
0.5044229501071382
0.07435100419197815
0.12878830525936458
-0.5503502469145447
-0.6072598652122347
-0.22009652042682082
0.31197608665299614
0.7042250113080819
0.9165638616280072
-0.77349862991053
0.592361210033312
-0.0010387630453676522
0.5223423760166104
0.5946248180037927
0.4643971492663943
-0.8243499319893657
-0.22308160735620386
0.6031020862850662
0.36802150424893076
0.6789810932714453
0.10551111911540789
-0.7959511179469276
-0.8946153933398457
0.7077799762581423
0.3295367378524494
0.028142038479110898
-0.02582841979587225
-0.37560486390886627
-0.9319366643454505
-0.22335199795890226
0.04119932644963131
-0.47819066597044313
0.18075496636084476
0.6130492100362439
-0.07516319227078072
-0.08897729903065899
0.5321952391109435
-0.9285253231069137
0.9539716579836566
-0.7251580842195244
0.4138428516584207
-0.7238766032186903
-0.23442724076355015
0.6899462562818941
0.054245253787707615
0.2169180207766357
-0.39408571937509995
0.9070983378089583
0.6504247998758377
0.8905394111399811
0.882039857897621
0.4607943254363993
-0.7453514009033475
0.9973511536308552
0.8556542355601169
0.03910247414411727
-0.23284522181889167
0.623377933152901
0.9962038047162096
0.5273791274005166
-0.27144207694560185
-0.33655603423635805
-0.057055265556644086
0.8180039792555027
0.0749988346982946
-0.9759262580023029
-0.05983818991448531
-0.12487387759412139
0.4001916046096563
0.4008667872996359
0.2795895808144304
-0.8632555968398703
-0.7660800079142296
-0.4552306164186637
0.75872993789213
0.1411592402567372
0.7053634448875319
0.8908590403709624
-0.7631097935093396
0.425017459949234
-0.5189257424000058
0.6592896830598416
0.7835510857072134
-0.2091871650032886
-0.013452743278769885
-0.9481877519387876
-0.4479132902161356
-0.703098611250216
-0.9610911324374216
0.4259088514784133
0.9226994680585094
0.2146770796801858
-0.3512071803688597
0.5090094105461509
-0.7068084900758655
0.7428647270637865
-0.1463864143799003
-0.0104925454116922
-0.6836885887554851
0.6290441847376813
0.9779850114457753
-0.748889160343571
0.9975711202959721
0.6528272684432315
0.5643879203036326
-0.050602855836981986
0.8824989755585593
-0.5605085918708048
-0.011380757047401602
0.29399834754367293
-0.9230228395401479
-0.3065002905548535
-0.11118453538579876
-0.1304159774391065
-0.7988497825473291
0.4129619180729103
-0.2128787792142559
-0.2956603168871472
-0.5035992942145859
-0.5342115458815824
-0.42365081766689405
0.3444935827228597
-0.24361117364933405
0.47076118180198945
-0.9165080382239801
0.9794196583339563
-0.9396541263807578
0.8205624260273159
-0.930449573461916
-0.8052488842332177
-0.6533423401801852
-0.9986965616278112
-0.4319497440351765
-0.20931259020357262
-0.30091289050641756
-0.12311661055631662
0.22314898911962167
0.8439590194629463
0.14557050241544434
0.493562925319186
0.4098980903125673
-0.3659009073289772
-0.8007166467375697
-0.30402590652197303
0.4230972131831139
-0.48614401363925186
0.5160664210820352
0.09084664558276412
-0.367378637317173
-0.24752836616450336
-0.828174245227445
-0.4756635252518351
-0.42388705613182576
0.9220151634481117
0.9871643713694775
-0.6490487273991923
0.46210145897319777
0.8698345754293675
-0.30893415552267034
-0.20723182909853266
-0.2071946852927553
0.554418608732288
0.9324468228692013
-0.35411948857085473
0.06148561424511967
-0.6878867655438194
0.18913370145084296
-0.41143693863201447
-0.8621914154751924
0.8679056568457322
-0.2836502590238481
-0.961437284676729
-0.7832341644792047
-0.09475365009618253
0.4260318762096902
-0.872033730713718
0.9710016243381765
0.25275417321396554
0.8346594157598841
0.9020184524431356
0.22339592807044073
-0.07709833749133699
-0.7696752207248836
0.3383882843117991
-0.032387266841200635
0.5596509818970044
-0.0491891007098193
0.8546441574180956
-0.7501836930017836
0.08155407988659813
0.38746867459433076
0.5793208674292325
-0.5500515133753636
0.16614673428633542
-0.9969778504567661
0.7426609658718621
-0.2054939855250264
-0.22881870399392867
-0.8892103443650792
-0.972046052702034
-0.5883582261361806
0.7475528934896161
0.9137257037712163
-0.6058053737012858
0.7383256949007984
0.5344589581759813
-0.7862149069813584
-0.43597250222156436
0.6301574160127024
0.6892137333155957
0.9353508198704326
0.14934433075238496
-0.009646212096825701
-0.28734309671259894
-0.7438107446911886
0.3760626791886328
-0.7438473354209474
-0.09773660640543147
-0.44841853247194585
0.5013019894353392
-0.007139814264604194
-0.9098653707107331
-0.3890685605616133
-0.618529760606146
0.8953895038756474
0.010754750872589813
-0.6051353239522679
0.542412058754357
-0.4543196251372441
-0.43427500735393965
-0.3382398285891113
-0.4498297341172708
0.527362410259854
-0.24632171016780746
-0.6430916637801645
-0.24608882171366453
-0.055199115590031544
-0.8223205759894945
0.8331167226017897
-0.4905039415289023
0.9267673745993468
-0.4249353006031067
-0.3518792045989374
-0.5776627305983009
-0.9454917640402403
0.40407571792116515
0.5417427556081122
0.14156900572681663
-0.47710882880041083
-0.08623939587220586
-0.900912260441832
-0.11858886707200833
-0.014120063651666515
-0.5911211200892434
0.21285279299113546
-0.917634763203584
0.4868134612874928
-0.42011749898785733
-0.03949651220022954
0.5826438023149383
0.9971843087628647
0.769040845275007
-0.6051001754706451
-0.4074417494183846
0.6818986124340451
0.8243875733060555
0.29092224220859153
0.8370652695897751
-0.05285239513694928
-0.3582885574736765
-0.4514229412712536
0.963711589549259
0.44542870475929197
0.17006248789654888
-0.6077359883448608
-0.33519825551442195
0.2858578473775124
-0.7991161378113225
-0.5177256685373033
0.008018734206741707
0.7516667302966995
0.6959953959016731
-0.9130178424615654
0.7510070114371159
0.2826174886126389
0.47611233640640105
-0.5947064912075277
0.00048767396966020726
-0.38487018972911025
-0.13554065136264115
-0.1777168016324706
-0.07814747938023037
-0.8743373915744845
-0.544510591952492
-0.10865857179426208
0.3319556118424043
-0.922514958446895
0.7050659515560862
-0.7008284158740681
-0.7607494936768782
-0.7234501169477721
0.709628650242335
-0.417830327172221
-0.1349879659195652
0.6028261774234169
-0.5415620588974523
-0.0439142825657759
0.666048536029648
-0.01027376200606267
0.8293926525018183
-0.16431358217574044
-0.2529670230226697
0.6103885102761315
-0.6253255090435199
-0.8589751925636702
0.35394317978424295
-0.03774187090226322
0.295888831402215
-0.5571864288054926
-0.03897657781128849
-0.45913328998610803
0.9569495215437274
0.6076986080380007
0.28924206182288437
-0.8845724943806892
-0.7194743581694723
-0.812869903045476
0.0609175601723988
-0.460063356579423
-0.8035295999803747
0.2804442702727794
-0.5544283196122075
0.6766140318201563
-0.8644483826970446
-0.7413147580212687
0.5747924419800916
0.3375230585817801
0.6468015370311402
0.7454034206625204
0.3038158435210492
-0.560936339039747
-0.2503583798256932
-0.9208898789737097
-0.07552937393876547
-0.8502685050710719
0.7053186754888146
0.9970418146069253
-0.12960829212259362
-0.9469735732442459
-0.4617317796820217
0.8632798738767187
-0.38191909180756967
0.13192678732709795
0.6938469180119728
0.11019711494160012
0.6559063088024659
0.583244180140428
0.5439838057170561
-0.8510096651892451
-0.02233918634276244
0.8846065281191988
0.9588596189958951
0.3796176640490865
-0.2727958529505745
0.5711945471978541
0.006510127034421442
0.9031002706213045
-0.7581873014697091
0.9550767624749186
-0.48691451140992825
0.7351913583802816
-0.03161811394119218
0.4157118734238754
0.8964022254675577
0.8301646979760435
-0.2331474526856656
-0.7116806840879064
-0.9385207431526503
0.7221849074666318
0.4107429428994809
-0.5948457474263458
0.9445663448953767
-0.4348132304287191
0.7005867479805572
-0.5569833688665928
-0.515727100475313
-0.7612639159164734
-0.7443887801762255
-0.5716356956368254
0.6562794275966082
-0.6277395428277472
-0.6365599642849908
0.27336389777391834
0.41238678176215604
-0.6044715836658752
-0.01786901116400519
-0.15293691720782876
-0.8789667360812292
0.8969086860669093
0.2976919811511256
0.17677493303092984
-0.1165440573425891
-0.5342360595719973
0.022247341813931065
0.32859536785225885
0.49542207692951234
-0.353031259158471
0.17824159751733748
0.7086374985865549
0.22078666761266152
0.711953450307105
-0.3659559779397663
0.8010933803495206
0.9263126645152484
0.7708689494682546
-0.8097202927688159
0.044663110391051974
-0.08278661366313078
0.4572709660154306
-0.7644762367068367
-0.7899666317156224
-0.15777632089833094
-0.6845286553523586
0.2114471581479731
0.5255841284526035
-0.12256555033498451
0.8952300961220738
0.08622696214687475
-0.8143354944200107
-0.7929088579365955
0.5435937295779685
-0.42666164703767007
0.2103229617967297
-0.07430447816175612
0.0770950396074832
0.8374534677541483
-0.6877270826850059
-0.26315325497433295
0.49660914206785556
-0.23410144526540333
-0.7521032270255024
-0.41726050849981133
0.6314806044746073
-0.013596530066834589
-0.9845251193018343
-0.11534875644744491
0.6929709638918371
0.5769259584488728
-0.938307354322756
0.1925000429805972
0.5333934843201398
-0.06615896074545202
-0.11349115637004092
-0.6305283149514229
0.506602903141667
-0.9240449066720315
0.2132307241354321
-0.9024551473710043
0.7600693494305595
-0.0205628855269937
0.11925655653747946
0.40600812074593895
-0.511878784338224
0.7617438032045021
0.028377924354887174
-0.11953512971172442
0.4068240721373102
-0.31795616192070475
-0.057951638923717574
0.9909349511139447
-0.5287287566148362
0.36209317112425343
-0.6895291149004061
0.9701990014176192
-0.5097493679671872
-0.6075341728843158
-0.6036643472309513
0.31472628424302096
-0.8899388013926817
0.08985130510251338
0.4305367196223937
0.5561929614537711
0.3708662342662925
-0.1988666651058253
-0.04166258101494713
0.0020819489413506087
-0.5872237224322856
-0.2953458679420211
0.6659867722967978
-0.7603288263878318
-0.039552071684162415
0.2105110338586662
-0.14839788794188613
0.2747509188155246
-0.746356196998659
-0.8426455119428478
-0.19732540870407234
-0.8172164420905479
0.3939780009043192
-0.8515302439019277
0.27013021654289426
0.07874556490267293
-0.788452377725481
0.06158266182617167
-0.11148826163329217
0.9127158744615049
0.6194402370689649
-0.847865876777131
-0.9385178741556957
-0.3282632594456374
-0.16652186317988438
0.7028401992115751
0.23465376957111173
0.626770608351678
-0.012851366555553412
-0.5643162579809717
0.15818575966089377
0.26635943138596696
-0.9395483154308417
-0.031419137596633506
-0.7919050234419034
-0.04497836669529254
-0.36500957771740894
-0.3225083607043906
-0.3176619463089796
-0.5200486360147418
0.3178855859719414
0.020789704901777784
0.7130087151918623
-0.2726970342539077
-0.8525332060879389
-0.029764341426217644
0.25247218333585897
-0.3092355784322949
-0.5817187020676342
0.15763957147645868
0.48286019503705635
0.8094012671963899
0.3571297049640223
0.9927978174113667
-0.5870520054639004
0.2036923894877294
0.5412109796138347
-0.700834880696114
0.042611199719671866
-0.8362348262895056
-0.5802436192056812
-0.01039450390061436
-0.5288069075507509
0.1694246923033138
-0.5625397190673385
-0.550990599767919
0.715474239565332
-0.9828486071024349
-0.3078236729916408
0.9364770234757576
-0.4681890030554108
0.04580530196785815
-0.07478230564388832
-0.319813204679797
-0.7192300189866154
0.3501794595961243
-0.1890425086816554
-0.9604653324411727
0.15692891729077152
-0.6846601167259159
-0.6468330770033599
0.7959754887933528
0.4268872226095348
-0.25186074612440223
0.9283129785940183
-0.52033262212023
-0.649374327474133
0.30144753791958556
0.42454250557125195
0.9258381251901984
0.13454341386800572
-0.5360558575225547
0.6814436712007792
0.4491802557739326
-0.3643195970806461
-0.6683718953323712
0.9031253263577426
-0.584695509497807
-0.8749499689519753
-0.05036839515726399
0.7864042805380589
0.4168112081195594
0.4534364099194894
0.6354604765872989
-0.6206107376160817
0.36607350944522943
-0.5066769973796406
-0.3292626614672727
-0.9530333819584285
-0.8636316917380844
-0.027394425279055223
0.2558507253150315
0.9427886677592754
0.2708617757689291
-0.12070203704511617
-0.9182543977564794
-0.9269486570315233
0.3446752215793012
0.45323041568756706
0.06313432124279283
-0.06385279001036381
0.6782510261302361
0.8077028280341101
-0.8854290781663721
0.38854842860741345
-0.45968980695825
-0.033115134342114105
0.7957433405464653
-0.8779057085181725
0.7700143455983244
-0.09433502712505626
0.34307357068352573
0.46934749478061666
0.16978702835819792
-0.09904019024345723
-0.7965902944283916
0.0975312915550186
-0.07152601763815558
-0.5951628131394557
0.4743178161397117
0.2698286206447644
0.8113398689010078
-0.8245254896295564
-0.5918923886274801
0.41836649344238674
-0.5108867492349523
-0.502245776401776
-0.31654991753769113
0.03900823208016302
-0.16365799494810407
-0.821869173020157
-0.5336382936936312
0.19409495718937464
0.0826839668916135
0.3111116710649118
0.4404133077710144
-0.28850560095143685
-0.13634714053202757
-0.6911534986537065
0.8553669876259158
0.36082215743198054
0.9710687492051024
-0.8418782062063803
0.678319212296014
0.8724145618705657
0.49418903809169934
-0.596392487570105
0.5571729154956535
0.1453784179198414
-0.5250504990341471
0.11925123533651405
-0.0022926344744560456
0.33332164187504976
0.38112422626886544
-0.8180055874732701
0.08835555936579964
0.1407564076166723
-0.31181379028741274
0.0025459822985141045
-0.8771872275424322
0.02878713018486745
0.7326196297056
-0.5743316227500015
-0.6639289680556906
0.47722374652719624
-0.7974330295660028
-0.038548767875931755
-0.8989563643994305
0.7591816540837135
0.016933273479614597
-0.028185991182466008
-0.48768807520443813
-0.9628231755340633
-0.10085489090353938
-0.25702113385100045
0.38238878393847964
0.35006285901882217
0.5073646584741864
-0.8742706037871653
-0.8902156188304846
-0.3134208876750084
-0.4854731585777903
-0.22467808841209314
0.7832779565920669
0.5446073952041743
0.011482464819366545
-0.5153537744088814
-0.22212286719606533
-0.2729196155419722
-0.8913690615819585
-0.33041216352398917
0.347131953470738
0.7382419362861903
0.08152056740788471
0.5680342322527803
-0.4602960971492749
-0.5122425771717756
0.30341236961043583
0.6951423667521739
-0.35196464345525147
0.47152590818593865
-0.895932035422248
-0.6489030726070455
0.8444010535032214
-0.7040352723883254
-0.2161101566279262
-0.5228091255896186
-0.08584059293760427
0.8144597594990193
0.397969329884434
0.6252306393471967
0.610115921057585
0.8876120477590372
0.31562587781794105
-0.12284229001366231
-0.11601469787148577
0.550668068819232
-0.3493775473939602
0.0061641017187181735
0.7235374739754117
0.38298505642580705
-0.6967903673604219
0.7139688142092675
-0.7623657883376347
0.44453259605247486
-0.915473909533205
-0.21639673033727247
0.05251161156746553
-0.5660907949893237
0.7688770972229597
0.5367401339434898
0.8970333385492557
-0.08385104345440308
-0.11963077829896518
0.5358799698165764
-0.246673832937929
-0.7910445815278322
-0.9725346242578121
0.4932021103461812
0.7421542429189005
0.28294356152771827
0.34764578122702594
0.39681552398267383
0.4659116597454871
-0.008434681997637083
-0.8039471455533589
-0.678835730677694
0.8328009090216948
-0.4726141985091923
-0.8330517202549703
-0.8816543180358427
-0.12784590274905727
-0.4830690847463619
0.009602308755060518
-0.4252155768099548
-0.6386535857066267
-0.5559595907560533
0.43523648770869094
0.45397949097437307
0.857803512273728
-0.665068407920097
-0.9984501674471333
-0.26596980535855264
-0.46749450453463304
-0.4352811787658071
-0.7323554364358322
0.44488599513768623
-0.43932933580377576
0.2796907584770525
-0.2904521004795313
-0.34409953134224347
0.5406073159103213
0.29177854313952833
-0.42532172116736167
-0.9447563066032902
-0.9933718542658831
-0.023991360225802394
-0.2596834095789733
0.11287113263502535
0.5170801727757426
0.8190179195818306
-0.8631286248534265
0.8625332912137271
0.5367866139233557
-0.6030709368996989
0.17887560085880683
0.4255866964068369
0.9368573929900541
0.9940187341179532
0.7596001524023115
-0.9236328074696103
0.712122138991389
-0.2231471290504794
-0.9183257107830334
-0.13449964396677316
0.5287613961401325
-0.7977233634676506
-0.33194016894030054
-0.14081993210073307
0.9116906227526407
0.5463747818617297
0.3407108093971749
0.3615928674011437
0.06443161766758654
-0.78847652553578
0.46355485757559545
0.16504130075191759
-0.005389143907534866
-0.8327890997599365
-0.0074269902260539755
-0.8043455967505222
0.9074405094869018
0.6765998505068818
0.2552894416522493
0.9983665325861231
-0.0586396429843119
0.0639958197729118
0.7473071690364126
-0.0730794117219733
0.5389719686332972
0.6212592764150211
0.6279976841861161
-0.8871165947927313
-0.6655442513047907
-0.6719413652544499
0.04918410438170029
0.09226850281276588
0.8675407947945022
0.7632026648555965
0.44487443656379955
0.6627470416151642
-0.4637540667231128
-0.668162856156616
0.7725785887641736
-0.6732676386831837
0.7011208392323032
-0.7481199483584493
0.7114851232622126
-0.7025174959345595
-0.9734171138262786
0.6086059737476723
-0.8712457522272599
-0.4079447410847574
0.5663061166349701
-0.29371957406264904
-0.6059032288209343
0.5810779341499852
-0.18537530544261505
0.14791941225891025
-0.07038090920252738
-0.10096879376429624
0.5897936709330818
0.6297913768461252
-0.38731013767906464
0.6799947508711834
0.940884418393898
0.7996264771766022
-0.28501227836848386
0.7843901884491611
-0.30492775457217736
0.3072525726726312
0.9965263350475528
0.9458958624390548
-0.3656813495982423
-0.565656834428444
-0.7910211151092856
0.7056433171512244
0.4392288830143829
-0.8465190290361737
-0.10888366525968407
-0.23876522307937065
0.4322500719872824
0.9381157116513086
-0.46538810830030086
0.11550613980180802
0.2569750727352804
0.13483836899327817
-0.204262265499636
0.4937922611998322
0.3742147799884037
0.5434460864904838
0.39673440112671887
0.8497097645855061
0.8929891085116319
0.3537982709475507
-0.4516435723229859
-0.42285603100301783
0.2358317423681553
-0.6493528535388813
-0.6339002940894956
-0.8153612796156713
-0.9935488632938081
-0.491065850128652
0.16879445568714924
0.3345945329305142
0.9628256284016923
0.9078295743382927
0.5486841697472682
-0.3881114446502274
-0.5718417982898782
-0.46635473325396304
-0.43371932478438446
0.18162450899430715
0.026039831543111847
-0.18191546592354713
-0.6731950578024124
-0.5204031881750093
0.4966370129814972
0.18350262549271457
-0.4020906148982346
0.7893563674067618
-0.5592055603244566
0.18537982025662747
0.926182441644481
-0.030299228330565198
0.90062817090518
-0.9040163389634632
0.3720356228248871
0.16530369084987329
0.5622776875514908
0.9297319720061308
-0.012857753902803193
-0.774040608319158
-0.6197070296959475
0.1679049675447304
0.8373130946338165
-0.8357274477894236
0.18928755017706655
-0.26866140071068734
-0.3450545701578751
0.8993048408405835
-0.9199520031794781
0.6122953686290007
-0.5015332307498854
0.5371104740110246
0.9697664453001273
0.510667664544977
-0.8523272987721289
0.20859110219518318
-0.6614138632308331
-0.8024116317006182
0.05290471761755344
-0.36615077559334797
0.05520003277809393
0.9309831432857592
0.4156070922638191
-0.6742447682580999
0.1391003796077257
-0.5516371823541111
-0.9400781802354514
0.30543994857542023
0.21454160729045224
-0.8110030422232328
0.9981723055548517
-0.6874306413845024
-0.9512478196262271
0.09828404572540062
-0.9320890282327376
-0.07290279118272847
0.17693328967042055
-0.9520652191182382
0.3776278823396484
-0.6042037458136034
-0.8988891321874029
-0.5300533662979783
0.16272942198399187
-0.8236883418286782
0.9395762784428912
0.11791151658472443
-0.10562307150037253
-0.527276649041472
-0.2637207770481098
-0.13609152989059803
0.02620389276453361
0.5892076906514112
0.8580520023171547
-0.73581770994034
0.948571725826886
0.3305203605633633
0.8210957056505974
0.6236146278674013
0.6718437515719762
-0.7904190299884264
-0.5564966163527867
0.1417973119218967
-0.9955169299737741
-0.863249443114432
0.7111421076615101
-0.5814039802359421
-0.5517242247233665
0.10920298112812166
0.9333262092068755
-0.34647929545622413
-0.05537468814084745
0.47814883958494137
0.3069735536532727
0.9065512030811336
-0.6003234956014836
0.14661500515296821
0.13766882978714667
0.1326172507426857
0.3727895095840612
0.02906849044002824
0.5176352545209102
-0.7980284910178401
0.7147603615131823
-0.04522259366814518
0.2215108904010441
0.5393204476933815
0.5548883355518162
-0.22144044554074838
-0.002829942986440681
0.8078298939108244
0.10039852087226842
-0.9565263324098516
-0.28964821135763885
-0.46080699498841726
0.7333134937508083
-0.12324018329677089
-0.5414488493026548
-0.09825819009738379
-0.2790276853396536
0.17087479755786816
-0.8162991494822214
-0.7894146205920316
-0.09259280204931053
0.6252230662222564
-0.31171495590628395
-0.21115363219034622
-0.014815325139879265
-0.012729258390744569
-0.00302295261292862
0.5957212569227952
-0.31716215772562406
0.6295476465143202
0.4531419143281492
-0.8649184836830581
0.46164959079818924
-0.9903423018252966
-0.049254737416652095
0.41374416902154354
0.992256579457844
0.4827161565279767
0.1785576537849154
0.5854556295835696
-0.7293930440464158
-0.10548355046557756
0.08678428628699231
0.7232716110513209
-0.7290445823939098
-0.6365518151741312
-0.5857792907323334
-0.646927190465834
0.5309367204817339
0.7756080141204418
0.7431640486903488
0.8688312291001152
-0.29973767906687865
-0.19100019576945537
0.49090083002402163
-0.20016990874198415
0.3273154548145303
-0.004843533704405045
-0.9248947575801472
0.7948100641968645
-0.1279617845129144
-0.3743570974859549
0.7435346525125424
0.2110774053576565
-0.6235386931924667
0.023423455632817225
0.8315755144875541
-0.46853941085206574
-0.7906795308628611
0.5031578801349748
0.251384553236385
-0.5714844734838358
0.11014432005005537
-0.703671716487535
-0.6653814409116303
-0.8084571082388246
-0.06742409714222997
0.3948456585821205
0.4562340208414124
0.7403077123995112
-0.9282285070528358
-0.38738481385033996
-0.7930229706344092
-0.7249391212041407
-0.48605760101033657
0.5393755203983397
0.8749276129907575
0.09438068937115895
0.04481351311755599
0.5955736169468171
-0.11780656147048796
-0.7918532867326264
0.01996677096103716
-0.08647242301120128
-0.7977572471030996
-0.6735543703280864
0.6198823318541435
-0.7267259132810455
0.1988602903060781
0.8365919338462939
0.9332151347305602
-0.02921686084119446
0.9082187251433391
0.15848877168098774
-0.25606867705863356
-0.8878199967182965
0.8587815025782952
0.9944385208715376
-0.28641770482283535
0.15870737871476304
-0.6695445749526658
0.4701795893699241
0.1588639273081245
-0.24015660023746954
0.04334675129469279
0.0737334499007003
0.16350676081001203
-0.06333243273123967
0.8136544611379812
0.4350248480143728
0.30273683075331914
-0.6039829533360583
-0.1291743071880591
0.6590433479907125
-0.005919818491473938
0.9271292604468115
0.6230893135241462
0.887046247337095
-0.0638648698898241
0.7940008136608891
-0.506905806898833
-0.24532219740019
-0.9915142384047717
-0.2787293782130684
-0.04622271636406605
-0.5703698125984749
0.9304171932375385
0.029167273105842995
0.16934335368000686
-0.05507398709724698
0.18766759509711162
-0.8804552717155045
-0.7736364585015505
0.0759946050682454
-0.17533159611088256
0.951514034402037
0.2420050257030386
0.39264122767374965
0.7305768632313219
0.20781724701585813
0.9511567481291507
-0.5554194187914185
-0.45110412893220553
0.22746954407239928
0.19901792485769754
0.31959925020874547
-0.629413171314418
-0.5812881965419641
0.9061488225641106
0.25469594044804555
-0.9669956531958357
0.43177903431819065
-0.4150028990877712
-0.8808369840604058
0.17115159297247895
0.3237445895697204
0.6957423522806196
-0.8086813451714088
0.3554019130795514
-0.9684790369318113
0.7756898181520855
0.7765065763459331
0.373294932765196
-0.4662351913114595
-0.78709984896175
-0.5428616495013288
-0.7606754292575229
0.14759210962398917
-0.4830336010966634
0.7682783235231267
0.5879755240983668
-0.07024305325534752
-0.822300655356581
-0.11908992009770714
-0.5754289674334983
0.818280013397592
-0.02918899969524813
-0.49994498214643923
0.5165462268606766
0.05714372784762478
-0.6650118129853884
0.6884792782400786
-0.5102863335738503
-0.27689845438490135
-0.016164258911723017
0.8203232330408401
0.23897324603630055
-0.7175062178817744
0.7228270456188541
-0.41513764151123933
-0.4770169815325238
0.3195750967398583
0.6141297302014419
-0.9566264579258732
0.31709708077416243
-0.12285522430062912
-0.6662410114452266
0.19023606238940438
-0.30729718610711965
0.7337288280660677
-0.30957048631927364
0.6332056010770912
0.4547646324365935
0.05565330667518764
-0.02555039012150706
-0.327641098412909
0.14271494694850584
0.6641342059518549
-0.6216191903394424
-0.7564670516052183
-0.4783936272710365
-0.8167179558751652
0.9063581180051126
-0.38895825375788884
0.9901782633862155
0.4421330243031303
0.2663541716159261
0.03535424170700696
-0.9548196394100772
-0.8960367352562382
-0.38456286457196165
0.727090467360523
0.7115820754137407
0.5441776770400477
0.9771748125726065
-0.24123848906434442
-0.6965962733345419
0.9753765199820001
-0.5014613984455467
0.6155272009810251
-0.979004873089238
-0.863971491314967
-0.8040085710548703
0.1531396129828999
-0.7342592502086656
0.8149694331030441
-0.7899300316431597
0.6516468532806798
-0.47832126662026186
-0.17943955706330295
0.20876218325027618
-0.820365154129655
-0.7722383833708033
-0.1389173416339915
0.8468844960319022
-0.8050305677501874
-0.5416928589672516
0.9846257411535737
-0.7095106682465828
0.35357931473023996
-0.8662730517345492
0.06323990901268739
-0.7432719040967948
0.3440330462855492
0.3384403808190788
0.6722843423805893
0.6497329288035594
0.3337643631880729
-0.6022852149790285
0.9329444270211822
-0.4752340989695836
0.8821648638228152
0.6730418108900034
0.8709896516235092
-0.5408572855671239
-0.27977770462135765
-0.07324321575642201
-0.12563023402345652
-0.10482840540891791
-0.6657783205655923
0.0006887124799508371
-0.9902626783733799
-0.4002485111088807
-0.39275164701581944
0.7138909537412512
-0.8790035879886922
-0.6325667239383552
0.9295943171996301
0.09042463409954005
0.44452951457785717
-0.5178840120641137
0.7352180538502475
0.3522289365237157
-0.3914457046774109
-0.8792122147349861
0.07688326513555332
-0.1572411044379518
0.9221046127462298
0.9302265414544262
0.9592032391804466
-0.8765705606689258
0.390463868063758
-0.17444606822314945
-0.12781241747827354
0.11871274803340714
-0.7185061036195188
-0.1510163663511146
-0.6863432325918666
0.5638809019989788
0.5470157614174687
-0.5490597532138599
0.8248359812210908
0.11285345816775738
-0.6276023430529958
0.9528776548872704
-0.3656786914872543
-0.2530842638888835
-0.8657205818904854
0.6324049600834543
-0.06744558900051856
0.8468891184381258
-0.3965591569314748
-0.37361240839154464
0.09295603955483966
0.45402700711104815
-0.05367796218193743
-0.17213578690191933
0.468571139429798
0.605233695910137
-0.24454604186912676
-0.8223512178180938
-0.605882544449186
0.9164846824118755
-0.5701025580049064
0.9445117759330925
0.33524629504285497
0.8794141557480859
0.5943774333426011
0.4011036910350516
0.6981931407079427
0.6792288991962818
-0.8250520424190286
0.8853824523407714
0.4993621413765301
0.21680859745167713
0.008533925568377398
-0.9265764997366175
-0.02624265302241824
0.5701254111676717
0.281075924321708
0.49516573248393514
-0.4706279391864894
-0.4948704001840223
-0.28991343736628394
0.4057931633549683
0.5878609582596805
0.3243796110597854
0.8209157102903972
-0.6534372867096083
-0.03481405309196228
-0.1770909035586543
0.02211838570159319
-0.637344385033431
0.15942117716989368
-0.09443752631953473
0.16963920056929882
-0.1422928791306728
0.8365190705700556
0.30542910402121337
0.4862087657054748
-0.6546628562128851
0.6047328340036571
0.19017258758789835
0.6619013144715951
0.7748329305968782
0.8850743610072314
0.9772527814561645
-0.2097828389199008
-0.01891213527108082
-0.7913875375844632
-0.7981998034364104
-0.9228186485994521
0.06395667754340373
0.9536684015963441
-0.5125371468691604
-0.28515620155051447
-0.8012572985320949
-0.7357124746329453
0.41196699711136997
-0.046274332433305254
0.6149119503154459
0.4224386825767339
0.15612852964686197
0.9614331568887615
-0.31950776611854104
-0.43720570031813155
0.7126239702046082
0.5273133576062712
0.6723181937096265
0.5610904830870698
0.869667886655465
-0.9943316763295695
-0.07241251591011033
-0.3678435092951966
0.266276840260359
0.8302421041207333
0.04989503559135344
-0.9980486106235273
-0.21241499119664264
-0.6071537351273657
0.9132178702911273
0.4034783381374303
-0.3533601424930126
0.12316107519525565
0.49266137063028315
-0.02058829947050289
0.875497711491722
0.060726630999687004
-0.18861230125149375
-0.9373672701387341
-0.45803639553463915
0.944641902267698
-0.655073294256431
0.9915878544672845
-0.9756535233187076
-0.3018976348183313
0.8318993670979264
0.9261716471676862
0.013192415802100843
-0.2688626937421983
-0.7719139407148228
-0.3168041589650754
-0.7484481683282762
-0.804732614529297
-0.8243221288736222
0.3297984207249418
0.18931295930538772
0.04674627471453863
-0.6452596442584921
0.9699704543640315
-0.18632354739001
0.7057787838577405
-0.7458145745914513
-0.061435161922200665
-0.5805299563861304
0.952755294270577
0.8314059177280291
0.25340794449227055
-0.03702380278740325
0.952146343964386
0.6386287210641064
-0.18028346542747853
-0.012328490029683392
-0.9070444776763009
-0.646613223508365
0.6532056196384683
-0.16217620267114308
0.9775115537817585
0.8291268727940775
-0.9635422528012403
0.7436851920053638
0.21197209362225977
-0.12099136903647856
-0.2591538391852741
0.5698738554245477
-0.24812639348760746
0.7458855586083111
-0.323425916473697
-0.9191505901186563
0.01837243986420556
0.8235640501393384
-0.308860053698091
0.654561703293516
-0.6444463609599627
-0.567587992839077
-0.10760825843642374
-0.8486620404761875
0.7445306015785182
0.7630310066624841
-0.06486049711662822
-0.7790209260332219
-0.789918791106861
-0.9760284991882426
-0.8830643594032366
0.012925796888310526
0.6673133754776677
0.8688929490234805
0.4663673354076041
-0.8287229146362403
0.141557542163675
-0.8197701041589225
-0.1758882599415421
0.34198163922439617
0.1810205361427657
-0.03331606024558842
0.2901131007545932
0.1383846361370571
-0.8635417824380771
-0.04691067161520679
0.45562116755024684
-0.5526598379333432
-0.7315991441904239
0.027269557914279652
-0.9687805005704355
0.8544482596591565
-0.2147631535316128
0.403693419433099
-0.4529583896831013
0.16625731077570172
0.1543019159456338
-0.933195167727443
0.08423829682841544
-0.9880201348655038
0.6388747794240293
0.31945874333150814
0.005703685112350421
0.1319440215751615
0.2053477365256018
0.4075320015636452
-0.6274980095168121
-0.2132891422454688
-0.6508757612049687
-0.3023248485178738
0.2395549823552625
-0.881686003597135
0.9373098483398645
-0.8701127648127518
-0.8222868529239247
0.8082865140839157
-0.5086161826755298
0.08287896176763065
-0.23961647783024853
-0.1957150386528872
-0.5791839894634578
-0.6579403430166462
0.006494827575882267
-0.1116048504964211
-0.14344602607779522
0.3122635416996111
-0.6814762968023347
0.6031970445762904
0.6528351882775307
-0.09739983140785857
-0.30242514021703415
0.9930564241938695
0.2360962676020053
0.2357152193770471
-0.08306015908683206
0.25950934444091533
0.984319777097804
0.19605009344892865
-0.7272753507841692
0.5015971123351575
-0.48462517506348535
0.8115074596303657
0.5871328495844295
-0.5847143286940697
-0.7914713557395558
-0.4703580121452746
0.42281935325886444
0.44523802253633304
-0.582686953248692
0.20829311750965207
-0.7835361422862228
-0.3385309818349247
0.06403618743919903
0.5764352400812827
0.4527480810232303
0.081713145964591
-0.3855478341312575
0.5198576088266453
0.8255509841134019
-0.8865442477761498
-0.47948106139726043
0.2049107580845455
0.8784475668760237
0.8633736626703818
-0.4296101668979446
0.7465565078461054
0.040533563669802986
0.23048036241579406
0.7810301205774461
0.7465446550124863
-0.7621612960226616
0.766565395984669
0.8397612700677666
-0.4351390936033075
-0.6759786294635133
0.38914815853723783
0.251304891269043
0.3529801675588251
-0.2089461930115999
0.29181971300619125
0.7794402072336404
0.584868256689627
0.9040018259456135
-0.6172787361417511
0.02460042770177351
0.8776603311056776
0.44822689491228784
0.025969816482850572
-0.40253830278106206
0.5067840689415755
-0.421567758844559
0.4184422051160297
-0.7556897154456805
0.6624497565255951
-0.19972169215622726
0.2513934176580772
-0.01993733719079893
-0.48127841402434046
-0.028860801027183136
0.8239486284916671
-0.4416685000917
-0.9010936115414001
0.6381153271661799
0.944822744483006
-0.500536630076885
0.3926008336341986
0.8089345752290116
-0.5390629949426144
-0.3111067333141968
-0.4161170681940185
0.7389311570283577
0.557377885647568
-0.6205985760960413
0.6081039555486893
-0.3981477165116063
-0.08018482689309447
0.8797321148450634
-0.5030486244056511
-0.24014701663052818
0.05631510491324154
0.5834848523368068
-0.8129940747686546
-0.6309960564880259
-0.549441007741831
-0.9706769988320922
0.8239319618545549
-0.7467566196383575
-0.6788929639995651
0.6277330371470842
0.000814162922953221
0.8223739021554095
-0.4914955269424077
-0.8422964752256068
0.22612339642234502
0.515544041823883
0.9086074450474408
-0.8170383072970047
0.20100361197766548
0.8722561834583091
-0.35857004927185665
-0.012158467255573457
-0.24349885531992066
0.6387592222406915
0.8509186195385527
-0.32716538492666425
0.6533986886759986
0.9629923125873321
0.2341523762249449
-0.8581644541237654
0.7552462248829062
0.44767546989618845
0.9860186312169288
0.23930360658736238
-0.6550664514164364
-0.8640429603714788
-0.7757590891173307
0.9866705585147715
-0.3771319450140993
-0.7814606193432077
0.8146799807301699
-0.5416205326105199
-0.07517196555024541
0.33421557483465336
0.5458020725832242
-0.6754150076942533
0.4569213783052599
0.39252456342441233
-0.8490446974189008
0.32940540071914803
-0.8346885534099886
0.29040884958444524
-0.07828697713554056
0.9718130158113747
0.16999577768776697
-0.7853938277698522
0.053442756723424356
0.47702256200323934
0.025525052573674767
0.13062404771501823
-0.9233165149095002
0.255595112609063
-0.5090670153346919
-0.18578216154664684
-0.8405523977656562
-0.8952193824457535
0.4312754715308511
-0.1749878130975282
-0.9682874900051885
0.9634854201066727
0.3358751697184881
-0.995000755161948
-0.027205245834368563
0.556124067788037
0.7463051686989377
-0.5665943567773895
-0.5171954475069294
0.825661130752142
0.806842706516764
-0.41020816718614084
0.36707094325056633
-0.9245068441202884
-0.14119574571267246
-0.7811079930195379
0.20091952117385503
0.27973101344083684
0.2507119191651783
0.8387926138941681
-0.47457651734584694
-0.27445966633564334
0.5388257728498582
0.5709565689119775
0.0060827906161669
0.24341845287448982
-0.9915082886005759
-0.8894466349400674
0.7335251956688738
0.468048710244088
0.946733455336217
0.41481194338063254
-0.6190721162235175
-0.6369877449703389
-0.6572084163496643
0.10029773030606548
-0.061711074449591674
-0.2796000946893258
-0.4412698634615253
0.7519128355987597
0.29927888712423534
0.8833780252878018
-0.30323171101230906
-0.9110770141535203
0.7854903762987462
-0.8342439544729079
0.3095111960012855
0.06550664556182362
0.344982815442036
-0.6923955246969009
0.48196048369107225
-0.33981148007996786
-0.22990483442477694
-0.9171332982038927
-0.6673824004007611
-0.2901410410145242
0.25887353371962907
-0.7934370752490456
-0.4969968666426905
-0.12694156799321243
-0.7324786909816414
0.9587111771174348
0.38912007177639074
-0.6039033025736398
-0.5509724261116822
0.3337088469910423
0.559680135749373
0.670259523122503
-0.7191455941179008
0.5462214105427876
0.7492981767777558
0.5974242086050874
-0.7748452404815007
-0.5297997879281786
0.02319621887378398
-0.2931174485208339
-0.5687270346277695
0.10487376168171281
0.7424878124422472
0.30927202116888464
-0.07254495775385195
0.5513364816892612
-0.5901084071535865
-0.4851865095279746
-0.8558901729352499
-0.3294646465705944
0.8382787465134052
0.22090218721198673
-0.9060873465427548
0.4866235052752741
0.8719177985527347
-0.03916416254528987
-0.8703197430862446
0.4224893806889005
0.1599009590932874
0.08783308895601127
0.8710923380755731
0.993770537116696
0.1609941334267857
0.6198065354313576
-0.8263486688054718
0.5059824500581753
-0.43191742992325666
0.788603213810001
-0.5333431198651608
-0.46853077376895924
-0.14295216169468938
0.6354409861500041
0.07826575973534888
0.24026715343181837
-0.5425791325075997
-0.9427047655474496
0.23962322100602962
-0.8257038499752047
0.02947324407713814
0.03144435087487407
0.7794315955838513
0.40974402098048635
-0.09330783479310578
-0.7322083033748414
0.9330819728764224
-0.4065587415567533
0.3068591858852152
0.34195496452759433
0.4857481238667354
0.15666909045272703
-0.18644924956028586
0.264506318212975
-0.3271797311246627
-0.5173947854911505
-0.024350865568254942
-0.22670337284433484
0.18159196570892822
-0.8264323931005966
-0.7911928019257355
0.4883613058136618
-0.10317430972175146
0.07698356229508696
-0.3749188145928999
0.20260814390166293
-0.12296244159405756
-0.7842901246174754
-0.48096184046313595
-0.29084706289531215
0.29311713742209244
0.5203570929733654
0.31621990223017993
0.3022893831140807
0.48475467468008193
-0.5974683245196915
-0.38228910683630946
-0.334053779948255
0.19071171969684486
-0.3396043457594844
0.6295144659698275
0.44532694079286195
-0.32763334606381855
0.7093480508495134
-0.44300493045336164
-0.9249392101698273
-0.7421318890380735
0.9884159906722749
0.6565281161819876
-0.7882109985039303
-0.5582021513977091
-0.3701332890387583
0.9985109154175174
0.08752903451549487
0.33832437646105396
-0.7788349373766394
-0.8046616213176943
-0.5966356181879913
0.6432833129525883
0.08828958814754517
0.18968230566574773
-0.8251460295299977
-0.11232804958670894
0.18580315966727734
0.9987532424675731
0.1870001420781231
0.9556725144977702
0.6872050731426222
-0.34554025149271306
0.3814229858832663
0.0441806024761866
0.2761799506765743
-0.9595281029052787
-0.20527162150184775
-0.16548134131365377
-0.19876885374177422
0.44041461307500884
-0.21417198613214117
-0.7978929158547985
0.8115214244158329
-0.9961846733065807
0.9729072584604603
0.04708855813250157
0.6741056735240107
0.35867102350369184
0.2537905989606919
0.4251822214114256
0.21846780086007778
0.13971285536869105
-0.5260126683337083
-0.2515440137314213
0.7064967133228759
-0.46752733056460305
-0.5359407129472957
0.32399226942502746
0.6528451295073818
0.854346811595802
0.33535505164290247
-0.27010230321245143
-0.6970834722476851
-0.43795542366776274
-0.7126684978769806
0.7872045751575514
0.031883787273697894
-0.6683176857688824
-0.8677337136642267
-0.19848432744445543
0.37187997388214566
-0.563247841091385
0.9320609057723925
0.5771988498427265
-0.10178583221248827
-0.09657141261531921
-0.46336633161774254
-0.09859094621979647
-0.3870393052698686
0.8819692759553754
-0.32916364936971365
0.3468159578000032
-0.14252854552256733
-0.781732732511532
0.6250260241779564
-0.20001766433713986
-0.44661642458546336
0.8227533423863729
-0.9950074958469
-0.9314009974146977
0.5891899444245854
0.2600728044466927
0.7171665781310623
0.5726025449618948
0.6305658783756489
0.9044559525619522
0.07398550188246533
-0.7443413997454456
0.2561777848353042
0.4014143829438528
0.06512482842638856
0.29272877589730895
-0.7778445730320995
0.6239228777867123
-0.0002919311223712473
-0.5639973294404481
0.939212980056783
0.37572494891921826
-0.3662968750570279
-0.46350617749374745
0.5631571284764361
0.0015221588601981306
0.38967032995184114
0.5228566216103829
-0.3244174188508884
0.1311908904197392
0.8063820986695422
-0.6866246741646893
-0.9896306412490217
-0.5234431087651932
-0.12895211422094643
-0.9655941817287075
-0.9447021117244927
-0.1372551378918958
-0.6078770109089311
-0.657669850563835
-0.47039099260304296
-0.5651160614874529
0.1258505894278612
-0.6078218050294564
-0.29641386393577385
0.08961091102991614
-0.10596423959806445
-0.08310056693800294
0.2093011858271836
0.8912649128475083
0.6386216265440539
-0.28192669946259397
0.4980142095488751
-0.36288121503324633
0.7598003595454037
-0.7742465787646393
0.6481742881583459
-0.7167381139875819
0.08306107810852792
-0.8881009934912372
-0.6921849203634547
0.33988645338049017
-0.3410653252463811
0.7671696547464717
0.6893207521912761
0.061449812125156766
-0.4236521655451808
0.05702285160771803
-0.637849692350217
0.16535736155702785
-0.028584626466886975
0.24052290845044766
-0.4372892587453834
-0.8021502555813365
-0.5980189207125144
-0.8927307463025151
0.5191610357121015
0.1892238173345937
-0.7655700407451245
-0.49481515174977564
0.46288688054224236
-0.8075867677177408
-0.3367137544337693
-0.6303668061258925
0.5793681126260721
-0.03275315129463441
-0.4996856270679313
-0.08361906027711297
0.17030041264433415
-0.3315872661551622
0.14113702710925446
0.80912989338555
0.9547696003988866
-0.3593231586865957
-0.461735222089668
0.588388389093182
0.6670707361370494
0.6233353412864797
0.7551087250290442
0.8598471669921395
-0.8779843415480431
0.9920413546715026
-0.6127306680711082
0.7724259451169146
0.05879474394946427
0.31867427482911626
0.32157784303803605
0.04979917914175935
0.0077890627651613364
0.4159762152764723
0.48246258354213745
-0.729487847273296
0.21480855255790887
0.9796662268516765
0.2642637240967003
-0.8519138496802823
-0.421922862326513
-0.7885320960684195
0.2169332558206396
-0.4281636438211933
-0.0953208986569496
0.3365709841607052
-0.9782243132486088
-0.9031036699879194
0.10571448325877064
-0.30025599401740655
0.663945820704388
-0.1380310352661238
0.4396019797188351
-0.9626552438802838
-0.40175906034739994
-0.4932901349279828
-0.3306016675127146
-0.38913894102315205
-0.5567018579288348
0.42212907714830616
-0.7619696087612748
-0.3659724710158332
0.6808712194975342
-0.5603944472373574
0.43749141308881034
0.832930244490877
0.05270963586941546
-0.32602426156812214
0.9985430796353041
0.1793600869366434
-0.5035853582513314
0.2694548344673673
0.3627946411459939
-0.025052636306638787
0.025065200236565666
0.8733470788255753
-0.8652692418025789
-0.7529707481130945
-0.314547801912614
0.829221975597062
-0.8166031018766113
0.6073979550773407
0.3145773773990779
-0.4560575232735009
0.2455489277035292
-0.47719043628401736
0.262238476225207
-0.7194268014406713
-0.16143753676567907
0.1824220549035036
0.553742080274338
-0.1165669147208721
0.7336545116663837
-0.5469071000518992
-0.6552592181232091
-0.2681927754386917
0.5600503843825926
0.8299802166296328
0.024224263072242014
-0.9354763743437435
0.952961856890364
-0.04701524572743332
0.2613493926338182
0.5946888969794395
-0.19612920557903246
-0.07679494334576042
0.005769067631868685
0.9474976203997805
-0.5061823524624638
0.9747167836470845
-0.06054873293335139
-0.22345490885986896
0.7901336608976017
-0.8661720503461225
0.7388496979611026
0.9233337119782443
0.9764772987747361
-0.35932224862095197
0.9631113546437824
0.901788778238086
-0.534715937550083
-0.7025357978816746
0.11671449075738494
-0.34253588649605593
0.0013845940095555953
0.9016317826913538
-0.720429300815016
-0.9883372122992362
-0.9614085232223726
-0.5241757722510896
-0.01864963596239777
0.6276389230505461
-0.8612206719537998
0.7732313388540741
-0.6121473634921328
0.07665527760698065
0.8882366309329481
0.4164455099524136
0.9129828745012578
-0.8591295094381763
-0.5844490862625014
0.5549598005163316
-0.45039162142122535
0.14882258130845183
-0.017508442699970983
0.12000619417284941
0.09259665582272647
-0.5987267987717573
-0.7381490147214129
0.9346355542583296
-0.46551665640802065
0.4970161140698248
0.49297898641848126
-0.4545852579073948
-0.5253446706438296
0.35919821064941515
0.652935182818535
0.062191079316951337
0.7911542990213796
-0.35182850946599964
0.5605224383919096
-0.15154635561705643
-0.5482753369595881
0.7639737095598282
-0.5860430583192002
0.8540136357193198
-0.2299982334349382
0.28989891277486635
-0.20709567437409304
-0.7682243674968103
0.12446376910536339
-0.09458363714856777
-0.4518085597547159
-0.20125983808080572
-0.4431899970746769
0.1019676211095013
-0.08187947314364807
-0.42651509765627393
-0.716944584572949
-0.6217533413176952
0.7632659128083357
-0.5524808560694607
0.08640622177065937
0.6280471056793002
0.023480589203482394
-0.3314424925630799
-0.8974973235420045
-0.5857625478896864
0.4527586005972808
-0.41138777844152585
-0.3506493801146484
0.06855893828699067
-0.563277539870376
-0.49779124123977536
-0.02217861052585479
-0.517910331849422
0.22399348843688927
-0.5739104466057017
0.33061023551010105
0.18638162636659783
0.7673151748836393
0.8195901360454296
0.1466249528352086
0.8051803993565811
-0.34207160864348474
-0.7961724627224043
0.9827618273728407
-0.7223052228687075
-0.04895012354118622
-0.05545431274622059
-0.09955725361945378
0.9396881909111208
0.5371875906546728
-0.8420642338111857
-0.2862957079923951
-0.1426492772328256
0.23767083721457904
-0.8066179771692774
0.3341009907486101
0.052525365189791895
0.33122181578208654
-0.27939047072364076
-0.7099502431546105
0.44673798660631614
0.6238036864624361
0.3402613515321413
-0.7620397603431794
0.6021074880605235
0.8545753729253045
0.13766905579199173
-0.561466028114985
-0.44428154712366896
-0.14969092400081552
0.3735042606596042
-0.578819442697279
0.9451775808469212
-0.5851624924601475
0.8240539833801805
0.2502797077779142
0.9639340344590177
-0.3202558076847153
0.40699274649901573
-0.17085493996243373
0.11645972902877788
0.8245267247748249
-0.1366854524828438
0.0540635800825604
-0.235150945601857
0.25332627134281194
-0.41947210994338047
-0.5677022245268264
-0.09227087506832077
-0.5813234530840214
-0.41120139438173164
0.3212813135473136
0.8577879005784541
-0.6195701613043421
-0.9531674675030071
-0.6185567112699029
0.2044146853486586
0.47595523384207183
-0.6086700674779015
-0.020707654799971387
-0.32460955201438013
-0.33896859096850274
-0.6023213737684465
0.32713091575043474
-0.8589797194985667
-0.6557251589055904
0.9674992106458102
-0.6344238444395978
0.3398787636453875
-0.24741514914641005
0.016319908074041267
-0.9357584767645228
0.015261755446304814
-0.7211937525732746
-0.20098018697080966
0.8926758168336153
0.7331563528063771
0.45158038298337155
0.5193798276824293
-0.046849058478915184
0.46145661035724195
-0.4746176588669153
-0.8959939884144283
0.18692521562290554
0.7325637358445309
0.7190312486799268
0.5717105025979257
-0.820493156593249
0.4113923172812399
0.46609471304325667
-0.14359009554800273
-0.15160530062361333
-0.7981188358742521
0.8749209613892497
-0.5613110837567876
0.5926268370296193
0.9118690044778368
0.7411638536367422
0.7566157083084395
-0.5180119675298909
-0.30002660561132855
-0.9430026327095726
-0.8794408755480849
0.4147449110238026
0.49019265689949654
0.6000495134405723
0.9859576305376787
0.7587024313852369
0.9002504135680638
0.8476440531616827
-0.331275211953733
0.9515877625663594
-0.8393707289497465
0.4536926729313606
-0.504272719637751
0.9422251794682313
0.8425183784277317
-0.29832062968891515
0.3254401294991247
-0.07197669873694146
0.3700634467090389
-0.24068720708836255
0.9204875954007898
0.25442694664466425
-0.18460229430901776
0.05141585789563119
0.6358512812146815
-0.9267212589326395
-0.18711273987918942
-0.33085572288601783
0.5114169184229653
-0.14427342934270482
-0.8654767724687058
0.4853423904097376
-0.1987282060080635
0.19678882768986106
-0.04070035253395354
-0.3984800018934278
-0.4209120918535434
-0.32173166018478794
0.0966834455379959
0.7716985443834381
-0.25143992845578356
0.6483544455623467
-0.7870584818082931
0.6299913212513719
-0.5133720488868077
-0.9687914250164729
0.17189021246014535
-0.11358767452740759
-0.30686680208400574
-0.49304490163339754
-0.062018676082914226
-0.7436269556871251
-0.05652595339881694
0.14351870149318646
-0.8637019203553171
0.990944327122133
-0.5091644216225601
0.22580747754771835
-0.1733372701179834
0.5618610383665616
-0.8637216662103067
0.9862605346392308
-0.0010870785552035134
-0.7189326175370516
-0.7650677458718786
0.07710659869338565
-0.41095551433280275
-0.7386107096038224
0.196877208041903
-0.8773317950826351
0.2626243344552428
-0.009861753480732371
-0.4667071132997307
0.25713727098597583
-0.2577342964484255
0.03583050137685828
0.9201749530094183
-0.7655875243242931
0.19188279722383017
-0.5868939414708634
0.2321456046194137
0.6553630523882892
0.3927115986709393
0.7519010482830961
-0.8016276856000577
0.391693553512537
-0.8211634582003942
0.015427389178648276
-0.5899234568217115
0.7897219903051236
0.5502585130287068
0.09497284912309212
0.017537297233761295
-0.9182613750361268
0.005341669756286693
-0.41774138556872487
0.7787170098810585
-0.2020140731302884
0.26709999520385286
0.04124935802126606
-0.6700543718381353
-0.11918275941902556
0.4067941658656997
0.18513859054447224
-0.6260065867452644
-0.772342069411017
-0.6632934836791857
0.785188573833222
-0.4966255102840065
0.010468663476827622
-0.5715719117213245
-0.11456116659144633
0.5283885676263922
-0.3534754900124939
-0.24756085086659052
-0.4623626651932471
0.924481185840039
-0.25776140747785004
0.6998114303249696
0.7965888698496035
0.48480971226517355
0.915667456826637
-0.8840107460182189
0.7115615770730075
0.43542345586581677
0.7696293629984385
-0.9178253649510242
-0.8266817318586859
-0.10591990481010427
0.029126714306777046
0.003180375230482424
-0.8882180799623896
0.8777626332799742
-0.22507954190879897
0.14669999057553218
0.404975010754127
0.651868547205122
0.6213713825547278
0.8895920180759902
0.05523434758684864
-0.7098505446569059
-0.6487775995480094
0.097979471203127
0.5304130131930411
-0.2911470953300823
0.3540695133791498
-0.38669318856606916
-0.5205347780182625
-0.6212854049516068
0.53511325490164
0.6944947269249488
0.37938055790662784
0.37846208846344975
0.6354556474354109
0.9468365779023569
-0.7883064601265579
-0.3666612455809559
0.8347170443592393
0.09856495478493543
-0.845944499258702
0.634521445782458
0.0821876911014614
0.7174511775429389
0.23838125574764457
-0.1800814240895363
0.08507720664547169
0.0038716401849316906
0.9175790190312647
-0.25339822838029025
-0.8723069696713441
0.7292392250779818
-0.026546896475531323
0.028949498898097836
-0.4379854151749367
0.5566212549179574
0.31043480925375344
0.6834906675615513
0.1666255932637628
0.21853720358409223
-0.8551595402574517
0.47260345911408796
0.1684715749019352
0.1913595279042939
0.9551966909287641
-0.061462433139547246
0.4853342806534209
0.5077140043686812
-0.8729043794611226
0.8217655025345241
-0.6826176838896878
0.2408162645516967
-0.6655523407936816
0.8563484049087824
0.5610722555277394
0.5000746418355457
0.40603318043003545
-0.09027068300579777
-0.9528268522907453
-0.6355497124923715
-0.68646114427297
0.045221484204672535
-0.17545897278588396
0.45687215168835626
0.04755441125133264
0.6695139320673817
0.25025210668277986
0.11956380365260655
-0.8090107430916567
0.3709805513042985
0.18323630432744364
0.9960884879301313
-0.12876331183562595
0.2900510804039038
-0.6198870825705116
-0.31785811891467075
-0.614499714455438
0.1678443718061866
0.01773248392200255
-0.5978347322067401
0.21882084686392433
-0.2025365948436082
0.5658338022881908
0.4477666503484856
0.23899291943809153
0.5520786107743654
0.654668798780996
0.3212154377016596
-0.9142902104840829
0.9476229472286755
-0.6814898755288967
0.9449856528648566
0.3625039148310847
-0.842016293778638
-0.04777709013367071
-0.017955054267080994
0.9313198094180042
0.6733375360450617
0.7558598897251223
-0.2896019686785931
-0.24185473072405772
0.16069776428411098
0.7928849986919697
-0.830084144706503
0.611104904088805
0.39827292146555204
0.25335411477876524
0.08846528456875546
0.5063893684035237
-0.5434953453200857
-0.7861825853631428
0.14790248934530048
0.04919648108765684
-0.369916795385993
0.4768915741840767
-0.5645545832277925
-0.18008992429223714
-0.9819798340908306
-0.26538563121497916
-0.21793028034078943
0.13994959977282861
0.30972081325344214
-0.8958897302880628
0.5603593123976705
-0.11503759888488108
0.9727405791833088
0.19761295609168883
-0.5438757990750696
0.8420539663993938
-0.5079309006240851
0.5723542013069294
-0.3393726887492028
-0.17553410473130215
0.17996686620810753
-0.3315954902794016
0.6544507504195942
-0.13855443827270242
0.390387604281345
-0.29960539122624397
0.8010155842401636
0.6819784533986541
-0.8079976780762543
-0.5155157235169505
0.3392497673602659
-0.8789380972329985
0.8664899161890947
0.25695509351263635
0.5401516652724168
-0.1194030042120573
0.17492802852998723
0.05816955009207736
0.054985986225572825
-0.22025551852287295
-0.3417075048397922
-0.09348434861746346
0.04040441499749403
0.8391344821416189
-0.7484618332213695
-0.624258748111646
0.7532452031507735
-0.5642821822700559
0.13067213630901908
-0.01630393628227722
0.5812840613379975
0.7334225518270423
0.09782382352628916
-0.1928640432537052
-0.8506968926716392
0.42486847456336085
-0.4669337594928815
0.48907561076231354
0.7973500441084451
0.2983291633725138
-0.10552608542221131
0.7874929507341659
0.7719798637012358
-0.046599989142948495
-0.7685338147778298
0.4363247042208933
-0.771378735781892
-0.7329567856455164
-0.6036527307787694
0.9895028259426433
0.8547357232251409
0.0973796845601369
-0.47436125404431073
0.8474511195054908
-0.12369009739980252
0.1076192996177412
-0.24161242958339324
-0.9293766709528051
-0.2565701847485391
0.03307524835340514
0.8936757310626948
-0.7260022052656516
0.009261581564142363
-0.00869712758207064
0.2758556710456397
-0.7252720893629927
-0.2736342339818225
0.49097549846695565
-0.11763270463326925
0.610420788578534
-0.47954018880904115
-0.4197661191307702
-0.004336287010160866
0.0318003856832485
0.684070631021557
0.1478333617757761
0.6256931859047781
0.9654216861042852
-0.41160013377812144
0.08493412920471233
0.5609899016053577
-0.3748355020212948
-0.6777760022350319
0.03752369537992695
0.8803639741495652
0.6166121515276259
0.13674123844301422
-0.3521861970409854
0.18728767791131196
-0.5627045279588765
-0.7896580644386777
0.3792621638718241
-0.6284998883767974
-0.29289293931812366
-0.5214941915996272
-0.790540783616952
0.0924321686881957
-0.026655283914306604
0.9561216575728824
-0.29441324399178326
0.4518560881025817
-0.23039289739152746
0.5650416589453575
0.14669169873024956
0.6682411816876017
0.09946706153235718
-0.9901973435272766
0.39191285304167467
0.8401491764841631
0.6169107418194837
-0.3485669486741123
-0.5279668441653476
-0.2779172876417364
0.1634644074670102
0.6991254442505244
-0.06412554221212075
0.169854530633744
0.014098804281266641
-0.8749139158331398
0.7148186161280039
0.6934929576043585
-0.7985259683211328
-0.3934469726163665
-0.3648235761158549
0.5576255434423418
-0.04691229640529726
-0.7072480514835471
0.13227319621030476
0.24593947161103125
0.4032583993639438
0.6135188184597222
0.6897337442332006
0.26181939280903754
0.8124163017700463
0.4941883580866553
-0.9769997230023113
-0.8670135620801278
-0.6604779441673057
0.30170749269922004
0.6318242755538583
0.2898400862975623
-0.9836711853001838
0.7463905208400257
-0.3391284550814526
0.2289356422032507
0.08134859212219947
0.2649618906813884
0.6745771586190306
0.699654708344245
0.08080209511354353
0.2577171391010289
-0.7714058035405047
0.27467509353773556
0.7666917034695444
-0.5525480044142825
-0.0675067321562266
-0.1212378995370873
-0.796114510998418
0.111895428786982
-0.1716247328777425
-0.5326583037498618
-0.6929423548789697
0.08660225382968667
0.3843363014446488
-0.7496114430860867
-0.7556611597728511
0.9158426482660913
-0.6369544186273366
-0.30747195148824535
0.02003032909713376
-0.6713484794934264
-0.13698007743061158
0.656544318681028
0.2379237647194885
-0.8366655959307989
0.2769171757663276
-0.5077176381535558
0.7346031189783078
0.8897251786824367
0.28147591240935843
0.1207411609052158
-0.48827677508577527
-0.19721287101287466
-0.8268830007640913
0.7245497379882353
0.08825230277904916
0.9654415414789901
-0.4422711876301708
0.15622639729913446
-0.5681986228482871
0.8121910645343844
0.27546135219836665
-0.3885994853734589
0.4863149328312808
0.8776675354113315
-0.20904794562426932
0.24910327480673988
0.6362817083652881
-0.9774669453738782
0.30155916201102606
-0.03985359903837815
0.8062547640941435
0.11141666720919252
-0.6736227813956002
0.051652515877359084
-0.8275002926097925
0.38490405361861324
0.009550261901781099
-0.8681180805833133
0.849098340465962
-0.8650965119497367
-0.9745686352819138
0.8889012318639975
-0.9460925782664187
0.1440321257869206
-0.5419862628918084
0.6743785148691486
-0.6841268223308727
0.28038872196750164
0.7321365886184905
-0.9552877897585295
0.5893815971498386
0.6483328403052291
-0.15435557937223887
-0.6928236585512337
0.8634713666713405
-0.7225764258159231
0.9352983353635784
0.30741204475639594
0.8258076211151459
0.6408091476357234
-0.0031390055592064314
0.25091971557223713
0.28808055159070367
0.7028293778755312
0.4776467814359211
-0.17824542097226836
0.5616362015713432
0.22862463661054777
0.19719048644302162
-0.8810406944709253
-0.33133329681686585
-0.20570421528435978
0.971628115039846
0.3876904059098696
0.5934041352897725
-0.26703446426390953
0.17543605706285792
-0.6095064381942952
0.18999154103464888
0.0916152727429822
0.3684624771604592
0.3922273485099834
-0.2821596298381215
0.12421081698181857
-0.4552664561179818
0.12318075245238713
0.9500302986144902
-0.8367367288978858
0.4686060937779075
0.9988346723446584
0.3051669876811878
0.6625676278389714
-0.511938987044013
0.05892150998464207
-0.5440731937658223
0.4217323312483834
0.6642043575264178
0.10051036489637033
-0.9449109860156037
-0.7508126111985447
0.9011325418009701
-0.31493852345201345
0.24411570832127505
0.7408090287293585
0.15570201734988687
0.8362309884053121
0.885999315977104
-0.06443201746191929
0.0767462594630326
0.32138853923461586
0.5202503718744946
-0.24463617619674505
-0.6654844511725544
0.3678479570198172
0.8422595439191529
-0.33285126547137245
0.7449910463887026
-0.15627418274819438
0.5862328788346647
-0.6243711044966995
0.9511360615143667
-0.6300792787222464
-0.005985330411757417
-0.5706462703867423
0.6896500391678075
-0.4216036401752319
-0.3325667164106909
-0.7707829707329545
-0.5253227803163092
-0.8523712112392994
-0.5293253101953566
-0.9721625848398601
0.34500294646877694
0.5117238947499132
-0.7555777513446742
-0.5502968435220323
-0.08441365825661551
0.4236589686355865
0.41269142806748915
0.8147749612416995
0.1828023308783664
0.7124680510342885
0.8563499750331851
0.21888233756142506
-0.9383062776611899
-0.11824574021559053
-0.10458953594132026
-0.47649965786864623
-0.6518977512316886
0.7272303658360648
-0.1939960663270388
0.9733208897516179
-0.6290123442022371
-0.05061348341489724
0.42062309647927143
-0.9688861907943624
-0.7365497366425868
-0.47481889601882266
-0.3067856195499066
-0.8820162377806691
-0.14666516039249977
-0.283551554840056
0.4885614696574345
0.7783769310853366
0.36172560063506376
0.6476654087246705
0.1561230863508527
-0.6750747416456615
0.8233639397376937
0.5368354411710687
-0.5366928375331428
0.06461791790010252
0.08965762143572009
0.33160815466213567
-0.5504951952615731
-0.644325396677119
0.11339069341046071
0.07354687887928679
0.9358698014688649
-0.3625643404455503
0.6857898727461744
-0.1780756384513058
-0.5735166994649654
-0.10820252967244381
-0.9525668606926754
-0.5237618902639194
-0.9520739291211602
-0.30669592835167925
-0.35586543951973315
-0.2938793625619973
0.8609547271517135
0.002113568042674263
0.09176278891000811
-0.858168676760479
-0.428561235933804
-0.7621150510829757
-0.1538201722770396
-0.6413268106203596
-0.3194589194428037
-0.1809173971682032
0.3720876841277987
0.8723593024123608
0.7904839054593116
0.4477217161613787
0.6785436964340383
-0.23396335320070216
0.6863651429849353
0.3496688842433149
-0.8490300034119076
0.11785837401192678
-0.0528823703258694
0.4023256517096865
0.6462602449136683
0.29540593176733254
-0.4249152155590481
0.15538092615188304
0.45813674296028783
0.5753397764607584
0.7616227401183515
-0.5412377064112996
0.08881479258791591
0.5284150414312716
-0.9378948033902546
-0.8085675425912864
-0.6528920146487176
-0.25869361076839636
-0.6560794720384282
0.7102307884081287
-0.3176242266309226
-0.8858407101301082
0.8033098166353287
0.0644696027331515
-0.5877813968833749
-0.6613322001687942
-0.0332676306704931
0.2530996267456296
-0.28856598348750695
0.4573602034236841
-0.10434599036381664
-0.5045376927917391
-0.34781857380157977
-0.5077466026854227
0.32603365967712516
0.8859339166330373
-0.004044936921143272
-0.8444819146257632
0.47585181637433926
-0.2943299489571709
-0.2528770280433794
0.36670500163583375
-0.07950696264987389
0.9881712742400628
-0.18465541696111654
0.3686393299395534
0.8752390708968039
-0.1524319320147709
0.41528498444012185
-0.22175564429225836
-0.6148477746420498
-0.47600187073182276
0.05070234592034217
-0.2839738946777344
-0.16349900419727037
-0.2963989214179601
-0.38180312957707585
-0.6445187081609507
-0.994049898580281
0.33909607757799076
-0.11669806396148097
-0.9006310584158739
0.20207663658130492
-0.5093050787091653
0.13602638550358392
-0.7811684767784233
0.8904696285414841
-0.12488135368715758
-0.5985408838745152
-0.7012060619969034
0.7214018714290056
0.1987937482608706
0.9012658102193027
0.8158581276506176
-0.7572376051283334
0.07452399775066154
0.39720976591378365
0.9100507731448475
0.27705311524973975
-0.11146705716184346
-0.003006409070014371
0.977765636176261
0.5114063265438602
-0.1964292682726887
0.4677354658463555
-0.8809332282604512
-0.672670575459178
-0.5305475363260777
0.9336416132202479
0.4485353019499869
0.0705659865183117
0.45629785345658536
-0.09544368462239916
0.6678857711929118
0.09684481805450962
-0.3704093524431804
-0.7194400516463069
0.1274648896081032
0.3895661607305101
0.4516892487197901
-0.18436206854583204
0.8945753968927175
-0.03446465275228494
0.38884532878714717
-0.7517049576168566
-0.4533472364025539
-0.3435800952970296
0.9071775252538146
0.662744609505292
0.5680300686966184
0.31142971626628646
-0.8805641517413705
-0.7850238836555852
0.9223808431387721
-0.30035836692656437
0.4031200576234981
0.6268049417708137
0.34378811254144614
0.022886119699540686
0.09086828025107896
-0.40282903129156633
0.1610620883861389
0.5759170526346917
-0.8457510540905366
-0.8783253431391809
0.9395507141197055
0.045657712784139326
0.8980573574071138
-0.5488354973895295
-0.928969915393143
0.3421992830014744
-0.836725293261628
-0.815617960194202
0.5384618545237432
-0.635315265837948
-0.35140293165589354
0.11228318923242364
0.6739861193292669
-0.916505261010564
-0.30873383967507184
-0.6748401799488615
0.7828551141267279
0.3274479579473586
0.6234596024412005
0.7720123672031198
0.13216059586494588
0.9480280435705213
-0.9388264705611302
0.892606102868768
0.14804639606433279
0.23324130467216464
0.7765451372535741
0.10948780159083027
0.4481967369701807
0.007928740769907794
-0.4771845647634889
-0.44953851174052484
0.0810233476988429
-0.3892736504778591
-0.9899442146802713
-0.11183930115704821
-0.3329226888167709
0.517668040545697
-0.7251667651894564
-0.8454588665108229
0.41043651205231213
0.06568845471817619
-0.15923413686109678
-0.8362572019015222
-0.24032244844549178
0.10977983295813543
0.6277455595009687
0.03764571891310409
-0.712558989216491
-0.6170969162497035
0.7121695772820227
0.5302938883513524
-0.2912401537244753
0.4236065616762066
0.06228915759421905
-0.6361816091541108
0.821684050049488
-0.061672457887126386
0.8467417606714678
0.3753279900084936
0.6029917589583844
-0.434287066517415
0.7622350421048574
0.3073943921115354
0.2299505761114009
-0.7361285153702535
-0.601719807360521
-0.7882314717791168
0.8748313960273677
0.32525451819793316
0.015227355885883087
-0.7855805789796584
-0.3127412519277397
-0.08356401043568917
-0.16921693989890207
-0.1875557419231857
0.7820010676285434
0.14313868864715928
-0.09987116922357675
-0.9844873716538454
0.3473704462868097
-0.7022482103656904
-0.8945301164167694
-0.6506209582579743
-0.42498746621385997
0.8796651584162347
-0.495220706381547
0.7280934898406031
0.40719723859331425
-0.6340768031040054
0.16860843722742458
0.2917562686260011
0.7693256762039478
-0.834098116323515
0.5756970796022931
-0.8590282395946225
0.07498499022897365
-0.010653977050749441
-0.5367981877896646
-0.33061589693625315
0.9935658436156931
0.14535723196503114
0.7402011538560287
-0.991617966857814
0.21271829417998434
0.6246148731599164
-0.7537722033977345
-0.06507750535529722
0.899521450621948
0.25625899619118564
-0.6089594558654774
-0.38384288317710413
0.46791295071250194
0.9460454519497843
-0.3192951787744509
-0.5988857596805646
0.6551461317807263
-0.4852083473644013
0.6172972660643754
0.12153232969947836
0.9237077616709297
-0.45213361684925824
0.7813421185725167
-0.37110301395725664
-0.6264567754518255
0.5753156413354887
-0.46678549722492635
-0.48690484834026027
-0.057802382224447335
0.26701112887870937
0.6204207020004604
-0.36384673052810257
0.022556170544986376
-0.8699803003142612
0.5809000053867379
0.28958162581717795
-0.1330134117992352
-0.6490923701632865
-0.07194235584696762
0.31799490899320904
-0.5252026464582238
-0.7720970048534281
-0.5440946150795432
-0.9992443710081649
0.15081673041966193
0.8240270720456142
-0.6720752115885997
-0.38563708479425607
0.5969281401869471
-0.1458139986079583
-0.04633300463888901
0.10666273029566953
-0.9837838204992821
-0.4077072752027331
-0.9333287277928368
0.5939824117525123
-0.055982214766670424
-0.14385091020871354
-0.35234342215330994
-0.24572300692879523
0.8052992539177826
-0.9723581916463355
0.144998780082501
-0.4424526879457664
0.5572011373177168
-0.3443022654058314
0.2797150480143058
0.797071499544568
-0.7496038577427238
-0.49970132532927214
-0.07504491501282495
-0.8308488587376659
-0.963851199120471
0.2215652379115649
0.4869197973854018
0.0013240554195144139
0.9654928872682809
-0.3244212496232628
-0.6237579183448412
-0.4232245214028534
-0.6840010916342827
-0.581379940251258
0.6304337410240082
0.9101096661698578
-0.6250430270421579
0.7428457552990109
0.5298755885820061
0.255178782821196
-0.6428298672137129
-0.12886075410120257
0.04299885727212027
0.9650345643928191
0.8236409200009371
-0.6785427433183648
0.6064983402118893
-0.7235007043562007
0.5054436635845212
0.29477826030991117
0.8254744249368509
0.22573819238781279
0.22087365062083197
-0.8909425318298467
0.3343918360056872
-0.4764384683717242
0.0778892103682356
-0.652050147852387
-0.6737646436170861
-0.9206167164722281
0.48261362715521994
0.45238116275841733
-0.6654384208252537
0.2607113123584297
-0.8298877414892847
-0.8197491704906583
-0.2036084647440577
0.4207662517246442
0.7354263117558091
0.5308700479617472
0.09763786455944468
0.1337593662805383
0.4524874687359499
0.33282090135350884
0.9512549921722055
0.3472185286863563
0.5779094419163684
0.4334308145120036
-0.7052633725806265
0.634485098933572
0.2402129619271569
0.8861316884925425
0.29874272055195705
-0.8452645157156891
0.2462743595131971
-0.5677924082115147
0.9352326373166484
-0.6250226772503129
0.37685841218250227
0.1675504891934485
0.8066690085744146
0.6087261519209923
-0.772371698858719
-0.553819338914211
-0.2551703659466322
0.32528911356546986
-0.8841229496936283
-0.5464280494774882
0.9024120772545134
0.8603048861096496
-0.37756540203573885
0.7011168654292241
-0.8554628041579948
-0.7660182559098245
0.7602075325157107
0.11192948577780881
0.3785353347402638
-0.5192244414724432
0.8940324226272427
-0.3390386071929792
-0.4355982032653072
-0.04393827561703123
-0.29069668777454294
0.11622614687509136
-0.7402416909539562
-0.20955162266219962
-0.9950923746482625
-0.845379118704183
-0.1905786685292652
0.28752051575272164
0.05741046747150813
-0.7837391141779415
-0.08329497889474635
0.30930911158852137
-0.41976742219206864
0.6446789247738309
-0.696999959309484
-0.20951669354878333
-0.14772133952640654
-0.04954937075981847
0.7242200978791218
-0.7768400564210756
-0.6232241116148209
-0.5696552667704982
-0.27264901126516405
0.962368561196149
-0.2563707228518979
-0.005387504853400449
0.8431125719150117
-0.968112986143477
-0.9647673259456069
0.6473692748501325
0.7162471685487533
-0.45303977065160717
0.15644165773304963
0.9056307989335661
0.3489964569491155
-0.8823439409628413
0.5942385303368924
-0.11275313883752824
0.25744527198527156
0.5556783270946613
0.5509378115023194
-0.4945308525244223
-0.569915093065896
0.9230941378548061
0.01815834164147967
0.149833308503593
0.25726004933456625
-0.40474445881235277
-0.8180620528307021
-0.834898542092751
0.6782930336964292
0.0990348774831189
-0.16453890773820934
0.0897889910349674
-0.2923035791698365
-0.29634280101314725
0.9638014821587686
0.33406768357094174
-0.8885247285376305
-0.6397929016196948
0.4050667526278042
-0.28369758431101966
0.22681677904554665
0.56937545621638
0.9478966949921404
-0.016302898902024188
-0.649043709742505
-0.9616453902249535
0.3489091325007565
0.17782646576481764
0.38220004761150017
-0.16596580316902698
0.19435220732020864
-0.6603024460540283
-0.9943472235372812
0.21204559155419078
0.14747066241285034
-0.12158459124713139
0.42346813000686256
-0.2973038632649512
0.7393088617061294
-0.13766871226958632
0.047460610578398565
-0.061277403843398526
-0.22655372619284608
0.6309137393965547
-0.4280677449001906
0.2946561130693901
0.6238515368972246
-0.4205816032823082
0.3815928906999393
0.5671659145063674
0.4230365176509172
0.6253573357101834
0.929157728249784
-0.0251387074010625
-0.606252003459067
-0.8997177055543086
0.5043605757281107
-0.6124212702683944
0.46769670708751776
0.20908415269983038
-0.34878208478104944
0.8564266688190583
0.7540359276662749
-0.895618360630676
0.1231543744595256
-0.7002197208472973
0.6891163418787738
-0.42934879156568573
0.6416581260244802
0.6057082550702637
-0.7259934736022489
0.38308621456406855
0.2659156914820351
-0.6143794771860411
-0.4675467170228078
-0.224164823138985
-0.4066719515382442
0.8279307026979505
0.18111942296989358
-0.9576851611144663
-0.7148970896074103
0.37752134043561747
0.9936463471976926
-0.6816690087842145
0.06943138572019869
-0.7780877051460016
-0.6076075816680333
-0.909315333660623
0.24201472834743054
-0.6987128700793555
-0.590784675477938
0.36348685359894906
-0.05552280544339627
-0.7253562543213941
-0.5352783943289079
0.1457053625298257
-0.9129727578461668
0.21848076725114463
-0.5828606932281892
-0.7871194618044033
-0.7544659879637312
-0.5683759949752176
0.9062079677230623
-0.048260088812430046
0.9770040401114746
0.6742274899615002
0.8872674903510069
-0.8125022742136827
-0.9639760681986191
0.2864741869204801
0.9482557368321762
0.9902682403214691
-0.06580317464456864
-0.2921282169123145
0.08626396380714074
-0.8179118616394307
0.902958500171926
-0.01005118548612205
-0.17678564726795742
0.004411443755294231
-0.022098923900836454
-0.47698157989431045
-0.38988682032389055
-0.9449151573931758
-0.3761411002706696
-0.7005593842464792
-0.3730527027407058
-0.8150699414323643
-0.2289415367511911
0.3127340343186684
-0.7166851469776914
0.7384813207196621
0.17207359910727082
0.14972923482166167
0.7567711101906145
0.4237151895808011
-0.9970898119941267
-0.8171862491555408
-0.8626711801375373
0.5486191643328666
-0.001667311363773294
0.92636843564993
-0.5035202842716378
0.4963609167581631
0.5844803760425952
0.2671316968271109
-0.8138910673355799
0.5365031099126445
0.8219386264755157
-0.38622068087079064
0.5480130578276776
-0.5883681264802445
0.3596667017811839
-0.6689314273363267
-0.6596593789383154
0.998050067698115
-0.2094135474865335
-0.6454457291596931
0.46756802840501077
0.33163075329193714
0.8689387477536432
0.3365666188001415
-0.406836039426723
0.1641293156991357
0.6358785858461606
0.6853837092949597
0.44772770947601837
0.42779552645594054
-0.006348749119467145
0.9438578008610274
0.7931606870721548
0.7530480359058247
-0.28894838578997084
0.8137992150414302
-0.1722777641696469
-0.6770709965212469
0.8061789487080786
0.32335045996800527
0.5187968839644754
0.7389091926351732
0.8447217926998056
0.49456878685260275
-0.4630008975349442
-0.5323404029423409
0.025162889430806024
-0.8790134126088562
-0.0687032593636443
0.5178479097796589
0.8282639197489654
-0.27381762621889205
-0.6260161167075275
0.5789264717752556
-0.4819525770421973
0.6317895826116158
-0.23538456183994416
-0.9139921858653284
0.7949883520464802
0.044294044123659004
-0.40400647471964324
-0.6931102184167266
-0.7943962482763314
-0.24763680322809378
-0.2760464550311199
-0.7756125417785
0.1416908860803845
0.2795806745423537
0.0554532267237855
0.32442350838057776
0.2963912253376857
-0.6890510313079858
0.4099848910603161
0.3188426674497433
0.6502184655369376
0.05908993002336893
0.7815299282733921
0.46239739972831595
-0.1281339649538018
-0.32828322412586597
-0.7393546492619172
-0.581962588733461
-0.2633181550982606
0.761379347045015
-0.6439331772375478
0.4937184349032835
-0.29978378665829797
0.9982979490454789
0.15165412269554857
-0.40875484488801783
0.2907670962118598
0.018326876827771565
0.48227198304785945
0.548148011608486
0.09269332705865829
0.6539362030451064
0.6202529134219779
-0.7379868898271411
-0.6640581551817071
0.5778847001126324
-0.851380631250306
0.5798155901998112
-0.4455259008872585
0.8067846131788801
-0.31846039867296705
0.8883515014702856
0.033516037327735226
0.38969361362856514
0.5982666351479944
-0.7843759005823192
-0.015526804436221786
-0.6623077717595423
0.02704273275505753
-0.7708265232440117
0.8240371727021645
0.6664594495905845
-0.7869973208735463
0.8226969303717495
-0.17656048263731483
-0.8588438966955441
0.2697629169931526
-0.6649499913661787
0.3147634002232915
-0.9922545160184881
-0.6387383375467612
0.43126353232706727
0.07957120352135139
-0.94481438932287
-0.47390724900108316
-0.3591345055216322
0.8117692175001223
0.2634267693700738
0.4719886981876955
0.4948825171554123
-0.7119728189607193
0.11988666486011157
0.9771849017787397
0.79743163722349
-0.4143732388763397
0.8905355417046392
0.14173415099032272
-0.73810386622879
0.3931154057634487
0.16060123015982186
0.5024115536017031
-0.3489683052964603
0.8617314339160531
-0.778178947119238
0.8823916716490763
0.00826010800248178
-0.7087850315368751
-0.986142280522238
-0.1914112424982939
0.2723568350306764
0.5672378415110866
0.29450019497713864
-0.8965417969162808
0.6553610323205521
-0.05863697211673813
0.3893289530369255
0.42039497771164935
-0.9533036152568857
0.2842539688848731
0.05342518747320879
0.1944789619720495
-0.02941774491748217
0.19392255322961738
0.3342482725428877
-0.8649922137060286
-0.1862374742685844
0.7905611849477356
-0.7937873114187497
-0.7307921938487254
-0.954669001662481
-0.31932919644677105
-0.6622821707398023
-0.4158548994876192
-0.28999520885829155
0.05406176350066105
-0.7575210308503311
-0.8301444932065525
-0.766999680956582
-0.24454185153967378
-0.5601102068232093
-0.7007207081250666
0.6593492712353826
-0.2557604012270245
0.41594805202535645
0.7562315410058615
-0.8085238710642888
-0.34896740928614745
-0.8666442613795278
-0.7518881107832649
0.49503501160126073
-0.15531767717431677
-0.45718116149525945
-0.8128150459543808
-0.9574412836687394
-0.8961430373647175
-0.503239324337494
0.514583793327229
-0.7819171680217318
-0.9354396059350067
0.7198164897303176
0.17427476688164978
0.6474258989082151
0.3504746803204788
-0.27630633682808314
-0.8790201617581797
0.840492533262575
0.5720053514106453
0.91480428873448
0.7936916255748312
0.3854496400758056
0.6873556551036566
-0.7496052368653934
-0.6096366508816089
0.6827349648604946
-0.8130627164959219
0.8480383481275175
-0.9438354264287094
0.6255765182984956
-0.744644308732247
0.32947200892357276
0.24986017294762108
0.3961499153549721
-0.5398813176484043
-0.13737465569884155
-0.2046620460639168
-0.08875487308185925
-0.2687214028627327
-0.44991372495415294
-0.06614668628589926
0.6185814921835249
-0.7496318442170757
0.6129773790560067
0.27423567185791065
0.5529038800322463
0.22949817596602395
-0.9116806542294256
-0.2591523735018486
-0.283440132844784
0.3159532885123779
-0.29185015757409416
0.19655520205560095
-0.7353640468827292
0.4777861604676792
-0.7833718653306734
0.8489047677618937
0.05817065236362229
0.08002671032417497
-0.0848590214075513
-0.29818730321426257
0.021860650866124987
-0.34764820069696123
-0.5015005737150549
-0.6919674204449469
0.20928513614161637
-0.5203851812965214
-0.47502181916191266
0.027232950481084872
0.2594065698562167
0.2914753086787434
-0.4664089611412461
-0.4920504386032134
0.9384639947770534
0.5801397780787045
0.962867616757833
0.07399565793890694
-0.5130761210326287
0.6986044389839849
0.7085243270771837
-0.19257908234760812
0.5390133213168282
0.7856144708775563
0.006267319959160078
0.1613597049852944
-0.32991660214341745
-0.5174749904850762
0.19175170867665114
-0.8565033919888958
-0.32166694604321044
-0.7644676132309485
-0.8307560810638264
0.8744477276954763
-0.9225806095277955
-0.5533009842789414
-0.935622108688346
0.10107935407378554
-0.6069065175196053
-0.11546783937148719
-0.11052140846479253
-0.6662976834009224
0.7899118042681286
0.803422264742087
-0.17349156435869184
-0.6703871502582446
0.5195991736653549
0.023666873926335263
-0.1546001467766993
0.5608002733611119
-0.38853134496443276
-0.40114432267897104
-0.8625047528883911
0.4450819282188794
0.11345484810589035
-0.8529115012940063
0.9116037339786789
0.4326660536360467
-0.48655026646455557
-0.34047687022519235
0.10549834168926098
-0.9313494074476807
0.5322387837654938
-0.053727831060171205
0.5826014699970963
-0.43403826063713624
-0.7491828304901726
-0.9250490570012735
-0.27113020987906156
-0.10345054524259978
0.7808067085144241
-0.23131778536973746
0.7817395227526001
-0.06591285481521814
-0.33003736496571756
-0.8786942657387566
0.6316042582608914
0.33184938461004454
-0.6410519187947432
0.7671211833221858
-0.6399907790103192
-0.5129165491916345
-0.9936804016556047
0.9473782948608758
0.33977244577053667
0.778608128301977
0.3363370979560245
0.6222430215639552
0.9374614052164556
-0.08915645949365958
0.08874470110734634
-0.02366848837717228
-0.27551729303576766
0.9348931042791577
-0.08911303355041222
-0.8698988030672596
-0.7964454196114126
-0.2086950674457433
-0.4999933953172977
0.5678448559986398
0.23108713052658114
-0.6059220243735883
-0.48665608965425133
0.7168586517327855
0.3511545470735882
-0.47383155296023927
-0.9495392237292442
0.7856095040859326
0.4417629006642947
-0.9607480841063205
0.7543586345713786
0.4840651489981951
0.25612371076492657
-0.5625195464656152
-0.875037008747076
0.9581764208884447
-0.22448917649112898
0.5730964104261842
-0.8925959895145763
0.8443423510321064
0.5267778430777572
0.6564680203903048
0.34584355396983657
0.48407948324021666
0.6437697215885603
-0.573980751104151
0.4355831790168081
-0.15365028624070942
-0.3981798666858416
0.829392415113845
0.9160395290765988
0.33918192689176085
-0.7281569989177832
0.9610903252146195
-0.7354819004560897
0.7225075523123814
-0.9447255789797819
0.053781626102696434
0.48583238075207724
-0.6655617398430087
-0.6325757945592079
0.7251222039809737
0.30183503550221924
-0.3656404384069716
-0.7202143003436492
-0.2587033823013778
0.654696177697583
0.040920144426093374
-0.11673378787669408
-0.2693276833354252
-0.44333958306897436
-0.22215640621646116
0.7210186031914305
0.5105244172191596
0.4723753341272754
0.020134848524588245
0.07140245777073129
-0.5725360871732708
-0.1634419548837207
0.48158386960970256
0.1288688241681326
-0.3039518492806088
-0.38341091878136146
0.44017183426944406
-0.6609227967086186
-0.4202606571800478
-0.3331427439955974
0.5838474019220421
0.3424528261975581
0.36353974891165985
0.7007727685688028
0.35863927751623303
0.053823272325749016
0.2060649022644414
0.9010477781937798
-0.7279419198649324
0.3062661856506941
-0.3160376745436073
0.6764153328130575
-0.2176630787217786
0.7902043847009199
0.07162242532057483
0.6439153634629151
0.46694333476206107
-0.47878219620459594
0.991019035014419
-0.6931478719171587
0.10336732237546609
0.4553560851446661
-0.6079267733179659
-0.7583083792114447
0.675653649508537
-0.6483721689297646
0.3911248627272521
0.8006919673829922
0.3546059320059687
0.80077333980121
0.37120728412447535
0.30758847656170474
-0.19144315931930067
0.5656451971812944
0.6866046676660373
-0.2357574296811069
-0.30971563048212714
0.3764092363370535
-0.8013391069797313
-0.5555545841579221
-0.2791285680518871
-0.7745602353438001
0.3909416470146987
0.9669679097165866
0.05854312975017373
-0.8799542945957575
0.763421315867109
-0.2611779127910887
0.3274446019596762
0.9244676677889501
-0.659442274739289
-0.4964896654230142
-0.9274370619733967
0.05745743450617846
-0.6337807637617745
-0.05390973781613151
-0.4911675223971539
-0.9604208425115657
-0.4226943588748
0.6642797842655903
0.5737722899611892
-0.14882823513882615
0.6195586578688816
-0.19498732270402996
-0.3510096884145093
-0.6642859587465877
-0.24043611823858657
-0.20727339834251812
0.7319465797874867
0.48635765321244273
0.43028498149366823
-0.15597614050711828
0.19037874027377866
0.04208845694712737
0.22091815235755807
-0.2612056411142787
0.5321344454029646
0.31722730749778316
0.5969761364630719
-0.16811865457222863
-0.20305512843229234
-0.019056831087319814
0.7429882292612446
0.4348854942636846
-0.07050421544330976
-0.6540909565962538
-0.7212860366797431
0.8733027744527613
-0.020458377454946275
0.24182262047184988
-0.5721387250936478
-0.0898651621855926
0.22507588559429736
-0.15180149470270932
0.041527403451651956
0.3684144607174076
0.2836873059762708
-0.21346973017736603
0.6272134656765258
0.40309491130628494
0.26169267755007275
0.2822829722643665
-0.46102592493366545
0.8952511045910903
0.29695503311072624
-0.8743053723463223
0.7986473475452982
-0.5127820470508351
-0.7642591755761821
0.3185985584341431
-0.04117708130639097
0.7177875580076909
0.97086116072472
0.15519656142192284
0.6772742544016519
0.18023122164382865
0.29387092478790433
0.5571089341865127
0.23763208329021968
-0.518731239212477
0.20523930465818885
0.911898680028348
-0.19234418459421287
-0.062014768418191535
0.314930795375715
-0.7324687485504588
0.5824333271342408
-0.3931612442089387
0.3176676063225816
-0.5954889836965191
0.10197385819346261
-0.19938913534068226
-0.7266287547277881
-0.22053747075607588
0.2533359946721254
0.8723742981608462
0.33515911357018413
-0.0009673820969664515
-0.06004837192533574
-0.5002401643045711
-0.22738418310204023
0.026838389030985343
-0.5482847092440588
0.35527963122802175
-0.6713112414219768
0.45683303073247195
-0.19411224256206383
0.7976199831076483
-0.8833732805198857
-0.283022194581648
0.8313485890347863
0.10452146755543557
0.7658554470154624
0.48357317691018187
-0.3121566463699126
-0.4639644961889309
-0.007379756659337655
-0.1958135487824828
-0.7614036947332181
-0.011210170102686767
-0.5947976978481626
0.5773736253555284
-0.9092952220287454
-0.9685833703288391
-0.9605175941566153
0.9026194401095136
-0.5176334075648477
0.36494905726525695
-0.34666202704495386
0.1323004878037466
-0.11176759035862127
-0.9904644693554183
0.8613387321930126
0.2458788043745428
-0.8333887815980405
0.16274125345398116
-0.24427775317132627
0.11047489196933546
-0.09949102877817673
0.3344885950566163
0.14104398081504854
0.7651669565946975
-0.8747640809572588
0.38598980696738106
-0.20455885430577392
-0.2440812072437495
0.015426808309759732
0.9679801734827327
0.7912922393946167
-0.8367030348511539
-0.9763576723399958
0.7392925667220838
0.035026461711076706
0.12033097574837348
-0.7544515587265912
0.4504951864105755
0.7663558359076863
0.05614925016325567
-0.6726709287341799
-0.3612689909582616
-0.9360944419386883
0.1846712228425913
-0.10521452469032377
0.6175219512425072
0.7577079743199941
0.436242708849629
0.5633401616368683
-0.6923421306883868
-0.27944095099541166
-0.26144214775206054
-0.537940722859291
0.6176474020398159
0.058860839512830276
0.9053604118754444
-0.7147042074461898
-0.7783454160223047
-0.9893803696506289
-0.3264367637869776
-0.0309266555340737
-0.6048875233895394
-0.6339977578499223
0.4917820089403633
-0.4784570361799403
0.48167382357559974
-0.84160331627287
0.19929127840281757
0.5151846916635532
-0.30074710278870675
0.5395859239607783
0.40266503422329714
0.5937490950957305
0.011604739105093298
0.4014228949392471
-0.06469651235962504
0.04666640926431631
0.2813934592424412
0.6144318965581521
-0.0027697830221633524
0.16904811634296868
0.6815773092093036
-0.19371490674526703
-0.07398717180189363
0.35420114522064416
-0.8608114535006888
0.7817735398002326
0.16228711630775328
-0.013976019272168294
0.7694529695240822
0.5327407360352461
0.44041014791262545
-0.400966233063037
-0.676013009796042
-0.1085780618052794
0.14453758538483807
-0.10373875610482197
-0.05941911954926993
0.3212516178706688
0.38504349960863915
0.9446188852615016
0.042048605557248875
-0.5433614560556328
0.29729540714950975
-0.5841259086794406
-0.12829911317071718
0.48132524136953525
-0.2887570692876329
0.02558584144632703
0.16093644690777276
-0.5678678344518817
-0.822555766458422
-0.8806197781428822
-0.7430897319149756
-0.37087966367510505
-0.22753073204740826
0.7126076746190018
0.5671040421706308
-0.9724050963386843
0.1688213174086306
-0.7573492949675618
0.7299752271958366
-0.5134996304495567
0.4081476123509127
0.9305073149020266
0.5176135594376923
-0.0017616897054284486
-0.3498560282067791
-0.018731001650700296
0.8846619106334992
0.7474700350916184
-0.5527506469420511
-0.148200768745129
-0.32448394954214876
0.5268392745902357
0.08363483799751847
-0.8091810663473493
-0.28840148285410616
-0.6034758067250798
0.5803830817874822
0.17978477677141425
0.9432021409574205
-0.2507799542932323
-0.4003086832935805
-0.27786019062638134
0.3696280956998115
-0.3529413538974877
-0.7982772899164361
-0.12481289059477696
0.23973405575305606
0.914148894623833
0.31707802297764953
-0.6018151649456529
-0.7225136799995229
0.23816232592959818
-0.6254341084689541
-0.0790953629920319
0.9371296708377239
-0.3613710401628527
0.0911568083917611
-0.9197142914188401
-0.5585127920071398
0.8638986528089594
-0.8266109112135365
0.8806708519807149
-0.6182251525398752
0.22757677901959172
-0.3495963998138858
0.6572042880041882
0.4896262164103333
0.9780943148256811
-0.16229653401618793
0.11144283904042651
-0.561712266138882
-0.9314831657436569
0.4271002908054684
0.5999486919111212
-0.969469518112891
0.31984277222039337
0.8394851493109812
-0.9949144590805361
0.04800042692252027
0.27873680556433356
-0.49989959609634593
-0.19324534945545624
0.6145973642881002
-0.7441390273966475
-0.9468930153424342
-0.6897531677822686
-0.8943280984535269
0.5691002631374864
-0.8570085274604626
-0.4276617598128567
0.950084625298464
-0.30216644924532066
-0.412181861878274
-0.36956270630037946
-0.10893060494232709
-0.9969064758251855
-0.002125500722350626
-0.22732154770705448
0.2555364252773755
0.5986114285795323
0.9523781567751324
0.4277229659758024
-0.16129421115240916
-0.9149048841042964
-0.5530320116152565
0.8535293581203898
0.8315432953209179
0.76998186898747
-0.7351829627795539
0.6789974717059091
0.38347596955886076
-0.1128256333727724
0.6043547185760227
0.0475788281755134
0.6455018977131715
0.15524296137461024
0.6830512332310996
0.8696858281782582
-0.1415854304737063
0.6553923131456381
-0.08360165735119862
-0.8361912557860269
0.11568706719132349
-0.06557826472375172
0.017422177045124165
0.7690898787288747
-0.9888384717204537
-0.6799797603722966
-0.7699295594283915
0.32333053181637283
0.7566019473569279
-0.6594912857793047
-0.0011458650448366026
0.9955626824449402
-0.953313855567814
-0.7451166705332406
-0.46302991520859615
-0.6026811115323738
-0.2032668495755623
0.8830040480852825
-0.10226979316541174
-0.04574484437366144
-0.061249871621283036
0.9477834438401782
-0.6751236592220824
-0.618189044494176
0.336088665312958
0.27383847038726605
-0.5521849309891969
-0.4372484347149759
0.3301717276452749
0.44376490956156434
0.38235699140381274
0.3775692150979413
-0.3409030853221833
0.34985518358079903
0.6128416740013194
0.7449838329857732
0.26348724229286913
-0.4481857426703064
-0.6736531578792959
-0.008548325391401601
-0.6861284867463882
0.04687640330079201
-0.4388712576221103
-0.6048026140863785
0.39307800393897985
0.5342128924756622
-0.38213713418588746
0.5400284005171314
-0.18474498857704158
0.9530271137406614
0.48909070209655736
0.34301628617181
0.6384776820001752
-0.6012140566845696
0.5809677670421325
0.45654405417875843
0.9128689656409261
0.35979380443848763
-0.5728133143659608
0.35960809809549454
-0.9895093035828466
0.8975937528720985
0.4714914698635473
-0.668173053219266
0.20054218676047442
-0.7253739696489077
0.34028352822882346
-0.4130867506189584
-0.9580191742497819
-0.9436528082380318
-0.9936970692720635
-0.7002482371777523
-0.9972684821842495
0.11948341951498165
0.21462027489985336
-0.5030638410568957
-0.3944862601523138
0.9204912123314328
0.21036036060944285
-0.23210790116245494
-0.767341418978033
0.8727372643558304
-0.44048491657831845
0.7134271231510674
0.7553845994690367
-0.4028761992606751
-0.5335763761246604
0.9112240809144552
0.7302013156822174
0.6824139461878986
0.7447610572869077
-0.6916520250754525
-0.5015251805789591
0.47112298801854413
-0.8905704975771207
-0.12563812688393372
-0.6205856180084877
-0.17714376766561024
-0.3032059578807418
-0.01640133609465466
0.9615519097755132
0.11849925680286222
-0.9733262798513036
0.11311636206336018
-0.7774532861600547
-0.5271512569148216
0.9370167894544836
0.9671879025101455
-0.9818192142518896
0.9716160167651551
-0.6068557489126287
-0.2968850748501173
0.48868205294169687
-0.44038099805707676
-0.3976830682394674
0.4286372989127589
-0.8353018814116111
0.7147085587188291
0.785359457286458
0.2361172960459228
0.35912416838192707
0.9266212534450105
0.7455708123395148
-0.23472126619308864
0.32964148161078466
-0.819186669091218
-0.38945829775438945
0.2612411044358214
-0.9826882161292405
-0.11655897958580685
-0.49393083609160815
-0.5994390567190571
0.4182536352826769
-0.5133107699595316
0.08492982620711476
0.253902454255595
0.7013983842056564
0.6376772729925133
0.683668321913496
0.2421342703191529
-0.13550005405594523
0.8281390249062734
0.5141069745851996
0.7716766739596244
-0.6942759034696817
0.5407849249972405
-0.5654258682417233
0.503851737652804
0.4599241611957623
-0.0638095061765922
-0.8685366690702894
-0.10834328472479515
0.3511248206064672
0.6320489366997952
-0.5229862376221557
-0.7847171848371866
-0.21526285627967678
0.07153670308026494
0.5789017408858053
-0.4559162206458587
0.7066334411948239
-0.5504876034838504
0.423563095944125
0.02348779159136094
0.2444197768283276
0.6362402196118733
0.31240859572968693
0.3913172178339357
0.06329114864492102
0.1579765200368053
0.36475325068049136
0.10750840660061578
-0.09643762605058304
0.6470991663999159
-0.31920713945741785
0.20504302226105642
-0.6858774179422213
0.9124220149506317
0.9504097158497022
0.8021639791446074
0.9799760388769327
0.8398823465341692
-0.26383646121794224
-0.8262199899528919
-0.18684306492850977
-0.12844865696352636
-0.3325221162304186
-0.296192532646953
0.4512994227231011
0.98600868286765
-0.40055438900992746
0.46986112360054033
0.9373858871214489
0.5672238988524976
0.08490007657836429
-0.9624730754513597
0.12384060592908308
0.21012173119115274
-0.584250434263043
-0.11676294495855388
-0.6624976387543255
-0.5415402008501704
0.1028656584072638
-0.12270320970551296
-0.16061519221903264
-0.77096961886886
0.537974016244795
0.12683493107459065
-0.4704057165932276
0.13127272515642519
-0.9597233912774845
0.8207203773474401
0.3772800778859138
0.19681326544326616
-0.42507699381961084
-0.9847991228869175
-0.3169051875087403
0.014462244465133
0.46298952480186717
-0.20318006362091756
-0.9039830194462377
-0.027312062053705066
0.02346567531325694
0.510879432068561
-0.23104806587961457
0.8570068728148732
0.34946499964220235
0.36597582962793473
-0.18704358463191162
-0.701421461177669
0.1919111195859038
-0.5458720213544548
0.3012905472242686
0.43179266196869137
0.8939077122166281
0.7784561530849701
-0.13459501115859318
-0.28989469790375866
0.3542086565713296
-0.5955645004984005
0.7521494464461111
0.6163300612122682
0.8117873386861114
-0.8137897806749745
-0.7097692068792705
0.5203518313422879
-0.9504940876915271
-0.8963406703230135
0.0009482821750108616
-0.2146120344692135
0.3206105378107853
0.24880305438441952
-0.9887641031976351
0.8512952557021656
0.21189276952333325
0.4928767195563635
0.21519128618783623
-0.9838365905395989
0.7940026649123162
0.41185200708329694
-0.8650780231262827
-0.7355883034041666
-0.5092122316067274
0.8304636081175731
-0.9341322667122436
0.6910138425279617
0.9589413990871396
-0.825910784761162
0.5995108528160522
0.46796335907572506
0.9474491348820533
0.7066871096728382
0.6697827631524806
0.062469128103017635
-0.2325587378027678
0.06529611129779345
-0.2307056277692845
0.44401242037567523
-0.4791997726290791
0.18099367924091792
0.48357889713984936
-0.16460214539400875
-0.6351418931471704
-0.3341572037843734
0.7352644602889267
0.5832483952599841
-0.3640954887792651
0.41556026729070683
-0.35470501627216233
-0.000889572643730574
0.11870050706385094
0.0042611512584294076
0.1588859397491329
-0.691408833299543
-0.34625458925580643
0.6422343349066066
0.32103730841132005
-0.2648265382005681
0.2717639647889958
-0.9491152231073878
-0.30401042926330124
-0.47916752964866927
0.6602286425165251
-0.06350824952450296
0.22009766903537842
0.9609142687121663
0.264088768121959
0.9005190816623396
-0.5600979318062256
-0.4903602680161516
0.7323688163152544
0.8430852840851064
0.6496045588616393
0.011703046044521992
-0.4301498287659531
0.4008212134918021
-0.8067293484079203
-0.9676725901795216
0.7001411313829411
0.20395933156299662
0.5825805247838272
0.5740786173599186
0.8436789197485948
-0.37891823679595715
0.3134107964100581
-0.03308591438665065
-0.45086916033806634
-0.2599802928116528
0.7462749020772337
0.046777385187232845
0.7657298088436639
-0.13457463058867436
-0.9777754634507785
-0.12000072487117563
0.4477817241542623
-0.5241699545713596
-0.6046100812611062
-0.7565361143646245
0.7281663386496919
0.19781995722909196
0.6667156077020773
0.6419633065380237
0.9772900306592176
0.6614855043684305
0.696494066533603
-0.8981179906565544
0.8196149882885515
-0.018775488131434592
0.474371144672608
-0.3421755862696827
0.2633365023667402
-0.16263755486509401
-0.1408705291106651
0.5373771459536518
-0.2067744708645225
-0.6324471940685621
0.29171114863438863
-0.22613264331151273
0.38876169503854485
0.14041479254523126
0.8807372127422581
0.5783047249912401
-0.08764633460804161
-0.7549518406613906
0.15872528925225637
0.8571599195159314
0.7118681206569333
0.5889294696156997
-0.4027786357672858
0.7128316652927995
-0.7881985595883991
-0.3286383021684913
0.026159710568497196
-0.08015389162630893
0.44622031445317045
0.20301688542136498
-0.24627573536561886
-0.14137248160970395
0.04729767355619563
0.5673586340536907
-0.5060804375608987
0.6718849756261913
0.3176629566693643
-0.7915699306593158
0.34747634490865886
-0.9275041471399392
-0.6743866595110728
-0.4744982614595368
-0.7170338444555635
-0.8453947997517341
-0.7000054007725947
-0.8403321434606621
-0.4695044714060168
-0.8023111474800846
-0.9164536819074127
0.2158668952877214
0.6098645473230735
0.16129250682113816
-0.05405185112553346
0.11888082455501436
0.2748803108108686
-0.5318461813876161
-0.2969122412566596
0.10052073340462253
-0.14429071255735826
-0.3560860858881423
0.9169212062872727
-0.11234279714754059
0.43375815451123256
-0.3791432428462891
-0.1624939999971997
0.3763416942041
-0.085456404501566
0.165705656218754
0.9063593351009076
-0.22818837628642719
-0.1402584199343626
0.09141979015779333
-0.9684882752392692
-0.433384193412097
-0.28443277597485195
0.8680883462125881
-0.05120138305848565
-0.2630986591974769
-0.14157630149088885
-0.4283787145632516
-0.5636049994686085
0.8498084757489395
0.39391107461253116
-0.8081394116517402
0.9623979865175603
-0.9928451069520325
0.6085336264203252
0.46264518082712147
-0.16903622677879904
-0.9475265675083169
-0.8178708502483105
0.6668981160018626
0.6818159028036228
-0.6862450249471479
-0.32364132383687694
-0.41676205718331527
-0.8921101142894421
-0.48891760803120565
-0.032526422881368866
0.009133554404703093
-0.959642883528008
0.4291278525975952
-0.0406566647639115
0.30241654880107394
-0.8198979852798391
0.7381496423981064
-0.312414966261098
-0.4310586413950783
0.18148476672674474
0.15680877226146328
-0.1845571226101339
0.5640741327540795
0.02690350845664846
0.15233759688132964
0.514045136115187
-0.2427639636827843
0.6999593291697057
0.10034112512641147
0.46981595962146283
-0.9675087209203701
0.13709106479738753
0.3263509570309515
0.15879807876826724
-0.018435607065737658
0.5811786479232526
0.7078600983256147
0.8867084140826322
0.7629714858758971
-0.7945944407973362
-0.06267055513509456
-0.7984547091927752
0.8773791676985174
-0.13932414141102556
-0.7116475844057664
0.4145490224653676
0.8336153536841044
0.5625742966270737
-0.19770253761423562
-0.8012991322083196
-0.26501970980811196
-0.7046089915969731
0.13609659798626317
-0.17805096821034483
0.7387953666000531
-0.5448499220055212
-0.16961794592413248
-0.8432502567357483
-0.4446750778062085
0.20236770321821984
0.660115943444783
-0.2505495183929647
0.12188548751324091
-0.09190239014402612
0.032825274482540356
-0.5404499274587875
-0.7460509886600328
0.5585349130984116
-0.22204546073904763
-0.12718727611798952
-0.004217093682001627
0.2662144022813149
0.38956488665411104
0.35677953514319394
-0.7723420807122654
0.6837325782810972
0.4008098675467693
0.6404773371570511
-0.7555097651705884
0.6407833011508084
0.4084222724876858
-0.11021620302204749
-0.36113267168147445
0.3700535875447566
0.9362912320806793
0.4711904957961537
-0.6004039209561325
0.5327584270007815
-0.5721236237733911
-0.4256660044578289
0.5097378311546779
0.8284508334645262
-0.8297116631761392
-0.9043109846825952
0.7358258998785545
-0.0006291647820904078
0.9875703707372885
0.059223596528228395
-0.6445620604827336
0.08453695950278806
-0.11207812218901148
0.9247061578124451
0.7300304746568558
0.23008579915567173
0.5584869786683708
0.5315938854792994
0.09870029089595067
-0.995809859057937
-0.20553321024953486
-0.9044612846623632
0.16455282028042517
-0.3724597867136683
0.3389652589867136
-0.9737603655364147
0.9663494236552268
-0.4036358177572268
-0.9208360779674623
0.13575379700868195
0.8726267206430627
0.9870522644272386
-0.08474917176864372
0.9089715187594649
-0.14589759990729267
-0.10449226662301325
-0.9802801347170496
-0.5110534162719851
-0.4363236109557771
-0.1341766248930394
0.8887220889419545
0.21155210156330506
-0.6088196175397038
0.33005855171639253
-0.2682217874598831
-0.8924231204050113
-0.6455637607542728
-0.9598020518574926
-0.7422950429749484
-0.8947619947160093
0.18139498872764137
0.8670786878329082
0.9121064829132703
-0.07383464182514365
-0.08895028995640897
0.011601547510025734
0.14420405345031795
-0.745035444639925
-0.09068561164232292
0.03220640843788791
0.6222651748001422
0.5916619434119201
0.23436070543794263
0.5878436702622749
-0.3110226201943953
0.24485076864763844
0.3424567905441349
0.5262115680836879
-0.4237982039959869
-0.3480662090048676
-0.10886907779701893
-0.7829615720698815
0.09868155722995553
0.20540408116708053
-0.4327599889931726
-0.4945296041038443
0.0913055281134052
0.2486735332664507
-0.26477971284475466
0.7337813277589309
0.8232099794331964
0.2503668212195227
-0.5465013033482617
-0.7586956804502958
-0.3340103048952965
-0.8029278758766729
0.03346938953104783
0.7660135338323109
-0.17628437250268547
-0.4127130803415633
0.2959572745104979
0.9078026269874373
0.8258726906393097
-0.8547459877706558
-0.8596793306164505
0.4854981507111651
0.6390765632543809
0.8152106840415605
0.047093901142056804
-0.524485219918406
-0.8005284011501206
0.7047533073933636
0.039338483931635304
0.36601087548190425
-0.8264762036721476
-0.2689147429546923
-0.012516079463545493
-0.03672764956591834
0.5122515023349126
-0.6153562366603655
-0.18583314528079597
0.5017993928399225
-0.9097536349055471
0.25050293044683847
-0.8058045023317943
0.7027146330456744
-0.19939213932524447
0.9843253105628853
0.43347151229167635
-0.4913958974237498
0.8610640866422763
0.9253847413722935
0.8591336880935521
0.4156843564453119
0.175124784021919
0.2435159056859446
-0.7232109452292461
-0.798428977988866
0.9431954238141094
0.9352494627634274
-0.707810343178104
0.32611266276649986
0.4864601491599485
0.23945561232906298
-0.275719893725866
0.5846641053921038
0.8683724384409761
0.5844483031603949
-0.4420511268412979
-0.06802021040629924
-0.47854682077572863
-0.8345831759478017
0.4975255647550576
0.3611834225503132
-0.887439977731207
0.3157253206231121
-0.07762827958337004
0.6105974908948286
-0.8813776995785405
-0.12269436708837267
-0.7498365857593097
0.0050870208283111396
-0.7653997468988374
-0.13211398640356742
-0.7724840893648492
-0.16244856952675923
-0.4831686022662949
0.6042698778362601
-0.13355116765955288
0.8842993444855403
-0.3555253988390481
0.41013855236769126
-0.7191360123248753
-0.22888417889560397
0.8787686797420986
0.7160344396623635
0.5366543457907265
0.26962055773877425
0.6898552302217553
-0.27224435901761024
-0.16721345062439275
-0.9120541793906773
-0.7574372072024298
-0.04653227077894373
-0.7278595442212115
0.20421956318533896
0.32574092365658847
0.3936756073308201
0.1719120085971486
0.09304999496562227
-0.676112651228987
-0.9344496041756121
0.430746292081176
0.7376057916600902
0.8502821883313878
0.8627340260096734
0.7915423756640234
-0.16030543084060422
-0.5630367838265196
-0.5794760261447913
-0.5506047860039707
0.24366728309726615
0.035656291077900804
0.4726131052719571
0.5565381092555679
0.5397220522617721
-0.03282731683625095
0.28857396512479383
-0.9844122836637601
-0.6015389983504753
0.18870268538528512
-0.6036118522589944
-0.7565305126080597
0.7447471461431874
-0.6070336172457682
-0.3470314424635552
-0.5164569471401896
-0.4788563941025934
-0.2151549973343736
0.8553243537393995
0.32706339691175423
0.8316970385250204
0.3353490298984434
0.2960765829497196
-0.5790821503418919
0.261024474318599
-0.9991596814527639
-0.618385681207632
-0.8010098882958034
-0.6393511081287344
-0.06088373105494638
0.3478106946278219
-0.10144763343289176
0.8105903372282681
-0.4341285283789915
-0.8116373189397141
0.30461692847626054
0.868123159754044
0.9171359141081732
0.928692279711979
-0.9310201656493606
0.840296288279986
-0.9719541118968575
-0.07340176484533889
-0.7151152237841476
-0.9549853204309595
-0.5334446123725505
0.7501842647477981
-0.8350829545123528
0.669928271928163
-0.65348443560835
0.6537746205433588
-0.35966034073384456
-0.04457503920336903
0.7877345686419093
0.061539395573388944
-0.8493135115519705
-0.49077517539357074
-0.0066565603885844205
-0.3386624042384112
-0.37622052965578434
0.6127764675618592
-0.8645120924915426
0.37425072321340025
-0.0005668623598920064
0.0773594152465793
0.6644280280920403
0.6185222123315197
0.12065322556594293
-0.05664827538918327
0.38942119696867517
-0.16263494943412748
0.5621410305662202
-0.4451236192106591
-0.27738040823548515
-0.7676621449047663
-0.07230272724969478
-0.3878569944800354
0.20677317402366446
0.16628070653357963
0.2313655461795503
-0.36416306404969934
0.6023165073292389
-0.4529465183203838
-0.6789382060835616
0.32489502530635517
-0.1658219525260285
0.3928047836199795
-0.5025796186258897
0.7546209326230808
-0.4895333430776698
0.9496145315119455
-0.7544850702476595
0.1875690614965595
-0.8008280899079352
-0.08286611452972914
0.2711552201443628
0.12816001825233703
0.011937498702507598
0.015133492683437666
-0.19015118093510575
0.13525026081552838
-0.25660188952245244
0.8919464245960447
-0.9032336376337964
0.05951705618141356
-0.9789271122113563
0.06577311113004192
-0.33308941159037775
-0.9241152636358856
-0.15791345193324458
0.8534525336334564
0.47218009388122284
-0.7410224151279978
-0.1462918125462631
0.5551330997338828
-0.4334718545895373
-0.028956401069784254
0.3911164953527131
-0.5280199566602473
-0.9060363749615121
-0.6854338355648264
0.14079852953598326
0.5536663081216939
0.7528093929526087
-0.8576719175755387
-0.16576720458327032
-0.04062060921077015
-0.6947300938978438
0.12573835424760293
0.20511906025483784
-0.7750498179343279
0.876682452700706
0.09198511088985262
0.9754305923578499
-0.5156942542176473
0.6967022227128163
0.6399496565193212
0.9932153846555776
0.8770714753784934
-0.5009409078405962
0.752658491375207
-0.010395175695881997
0.7448793649838592
0.2538848470755055
-0.9781745018068824
0.03077337861114371
0.403796266998494
-0.6711231316411501
-0.6956920316675517
0.6184126007682977
0.08403705607669876
-0.7445512300551902
0.913689222316147
-0.7951379984985878
0.8274312481264157
0.28287239601932845
0.6141543630832786
-0.07831469335974117
-0.26927524524745694
-0.8162071779322353
-0.289905480988514
-0.9456161921265627
0.3972806372672233
-0.6140068036973432
0.9300529310392864
-0.9835190931799671
-0.49426155926183823
0.3432015493257381
0.021790981957765965
0.6499138136267797
0.6702707809442674
0.7546747672018264
0.4683993493726797
-0.8568781296566021
-0.5474486541725265
0.6462135126353141
0.08062759464250036
-0.39021749571610953
-0.6729118029657526
-0.9271391872113843
-0.49785697066520207
0.4899305983143616
-0.013028944220592642
0.8353826170454146
0.13510960385530546
-0.012034257427326667
0.599659704369595
-0.41849269571123493
0.5356281387249451
0.12018830297504657
0.6000555766967708
0.24647774904994169
-0.42542028221410466
0.1929111776597252
-0.9564747463358474
-0.8037221309755027
0.6739008896608116
0.5002604294701842
-0.05692996626756219
0.45130478312546995
0.9993095625576787
0.22039348583946294
0.49540879581918307
0.6743268032511212
0.539813464095924
-0.8057837841246516
-0.6630289771351254
-0.7590441032994315
-0.18383928780599001
-0.9283105108022214
-0.6446077172396811
-0.5610241940920973
-0.22267505253735087
-0.6166832823472497
0.4471797444032999
0.3544884780188968
-0.10044147708510853
-0.5337399143333688
0.20940860182224985
0.6195289460017817
-0.49576167039739105
0.549138059388359
-0.11971908169770429
-0.2187242467722108
0.543990735813511
0.032986135275229644
-0.24848781430273292
0.46776428985400087
-0.35155799121465536
-0.17321485783349577
-0.49922740031072377
0.7195064732757916
0.9271877680696972
-0.7741101294792119
0.9340020894535224
0.9751599837185503
-0.6424697395951022
-0.30508253092690096
0.20981711129360403
0.15674596692553244
-0.7905568818791979
0.675083472379568
-0.6259767737463566
-0.481582332924702
0.7938553919203055
0.6179238339656472
0.3902460321929311
-0.022177730410962937
-0.7585755136362229
0.7454508260530546
-0.44592849936366186
0.9178655541246707
-0.6376583539911607
-0.22813550487262924
-0.035877931007956665
-0.09233345299333262
0.9011362102787166
-0.7748164579010488
0.8219396178869838
-0.01217924498457812
0.3488310455611583
0.6074120915902841
-0.00020147635302047995
0.6042088022820551
-0.16225304900514237
-0.15785026342495456
-0.41082064167364263
0.18298183356283904
0.6039591278025347
0.19710840533286444
0.5924236742016491
-0.7941977074771902
0.9716024172996243
-0.22939156408280592
-0.38536345773360603
0.9741370504291977
-0.8141209329801198
-0.8726190496806707
-0.14741848159688398
-0.8870504696049053
0.5595171335204507
0.46896595279810027
0.490978418515986
0.022219334182220107
-0.8234954587155412
0.5865600668784245
-0.11129825619109224
-0.04990234361611767
0.7053904744061725
-0.15536010665117583
-0.05506028805301022
-0.6757066946919448
-0.72522208917174
-0.5375902431269604
0.11063568881100694
-0.3156747930678987
-0.3824638681786259
-0.866460014991977
0.13664904603225314
0.17808260059438075
0.2248663066857075
0.8600246470393651
0.8117797057832223
-0.9399326768265077
-0.45195444357703773
-0.7898700630363864
0.4937990025155321
0.058452724883301554
0.5082174010931433
0.7489674597402454
0.7247253840117556
0.7052818325981816
-0.4233704769381761
0.9091300644052134
-0.656843446159497
-0.27149053731993456
-0.3022699479808273
0.35997873492306454
-0.08272726006906317
0.5944030676848706
-0.984327847138607
0.045057496444939504
0.08528115885950394
0.7868171639345471
0.3706417172520069
-0.6004651574396531
-0.7147623741909106
-0.959071231090157
-0.2454422125886324
0.6752506526512554
-0.13452778983841118
0.1970256441368865
0.5685916777959048
0.9437570833417568
-0.13229313444263302
-0.41298092837137457
-0.4517405265310612
0.3552617100180595
0.3687221300932564
0.09848650709452778
-0.9237541344854849
0.6265810506554843
0.6438306723584233
-0.266158524088258
-0.4128580118256915
-0.726917466536843
0.017684636398901388
0.7440331902779369
-0.8483427799130312
0.8351997407718126
-0.9264321559712096
-0.7326519111515997
-0.11914014803523099
0.5968955680331556
0.09563806867948998
-0.643967313195855
0.1410113586711692
0.10780608707845674
0.4080806958683436
-0.6407206245470547
-0.20801442989046715
-0.16044417920443377
0.6166555425172258
-0.9728668397137359
-0.5812067966158894
0.40398088545801025
0.0176934062283558
0.31303966895845803
-0.8590482788107894
0.2205645147211055
-0.559049364920897
-0.10919553647370939
0.343895785295129
0.46084834007069175
0.9953394497704275
0.08041982904317058
-0.1359310218754617
-0.7739540226105854
0.13041913726243304
-0.7432366714449232
-0.37127083515842085
-0.5893270036372682
0.23839704892020208
-0.8269541011797144
-0.7682286336550406
0.13462936027694083
-0.7823349252448233
0.20747315900867092
0.2772718006455699
0.6514944761908605
-0.16311957060351534
-0.7627657241996868
-0.5559849183314038
0.09156753059376177
0.6220839168650671
-0.4318778969092718
-0.07676564827613341
-0.049143273968278445
0.25701888716851307
0.9864825089962181
0.17579673351941283
-0.009569397620751152
0.588922573238736
-0.12485061517290297
0.520059572208732
0.27291646885867515
-0.24284846441912444
0.5465354430686453
-0.17966079962356685
0.21381962309801938
0.47036641144684954
-0.519254245822667
0.8625511369271808
-0.19883095733145728
0.8141236396639069
0.6711490891720917
0.8170503512218747
-0.6433891404533298
0.1970240812916253
0.9354921965267762
0.6313419989530067
-0.8278261239775666
-0.9311230790469449
0.0018212083491995212
0.3494139498822242
-0.8379097744555235
0.6703481011984722
-0.6792719692244464
0.9736636721805019
0.3972324711837316
-0.9478413351106809
-0.5030236079843566
-0.040098604637493374
0.6027821933118556
0.5596656061811149
0.8883494249696944
0.10331755066312787
0.7833242146075798
0.9005376014983928
0.14314929238421192
-0.6600378848779542
-0.3696732005185357
0.3379745170066357
-0.36081536938633363
0.904874810712853
0.9628181602229648
-0.5298107959478071
-0.6034376999092659
0.39113928093137984
-0.7162421616097727
-0.8447030177261714
-0.23328398314571874
-0.26667329268479323
-0.7285792770974691
-0.8102648017135445
-0.4832025330353382
0.7067657037668713
-0.04548356645595697
-0.7358803937950182
0.4360927994416752
0.32646568753736305
0.763563426686318
-0.5968222037931532
-0.8849217748998626
-0.20572333845414303
-0.804648037117909
-0.04155234802237895
-0.20836228710444527
-0.029572202428169048
0.4988172343755668
-0.5754951760484677
0.43483069347219905
0.26593952357693307
0.6158218665261341
0.9957276224955514
-0.5400946283364674
0.22667919716029217
-0.4318412267547327
-0.3217823293616644
-0.6255442452797446
-0.7868216072447067
-0.4685848086394224
0.384070307475914
-0.6235809946365982
0.20794478089741397
-0.4858867748545441
0.8697731341738257
0.4968732856213913
0.6818214282724029
0.3409271813352841
0.9079095546206419
-0.40504071627232885
0.36754980361766965
0.016556159016242633
-0.7210121416937647
-0.7481170818331018
0.9514190536988547
-0.8538647040748311
-0.5909625120002411
-0.5914739275232979
0.8664764000311023
-0.8111695447372336
0.5038310391942225
0.18178589185602756
0.7226718619319876
-0.4201622426019034
0.43805480353324766
-0.7254607213339996
-0.3126675500518228
0.23177670381090798
0.7951169494890038
0.02134748971727185
0.6078616007232653
-0.73095484610431
0.47732766461562837
-0.9775551656484558
-0.4638310858581296
-0.5499191304102371
0.6241475357663437
-0.21486662929452494
-0.9457897286972434
-0.5085580169066486
-0.0695870579521991
0.028311038053501658
0.7106625542284799
-0.7774404052757717
0.3012614428103726
-0.752297091475135
0.8678020683776648
0.2232077296218964
0.13828970745384028
-0.9597880963727605
-0.3914793524797784
0.3592699902505241
-0.9394176476692995
-0.20912040038541524
-0.6406001885867114
0.5715659271686757
0.5334918330373204
0.12941924578918718
-0.806708317459641
-0.5803994318619448
0.7254558549039583
0.6458028441001027
0.7788708189558093
0.08649705513083261
-0.7844170356041222
0.3727423915920276
0.05702265295747955
0.4176610136503125
0.2069140132312024
-0.014489767694966904
0.6152006608835505
-0.4128030319857454
-0.4918535342894568
-0.525433645567396
0.5100488405552939
0.8111939805612065
-0.17411002098636263
-0.3287690196818145
-0.5168182123921943
-0.2735759125388657
-0.5749513296872837
0.8856428337561022
0.557849447535782
0.877296049621137
0.738780262213568
-0.8564191275858579
0.7922100706813984
-0.1533886555721109
0.8524661707376424
0.697393502576195
-0.10419124475394792
0.2755242200096786
0.3381216755157319
0.09118286741863701
-0.8425362287073568
-0.7813466610586755
-0.4952078968808493
-0.9808339228826035
-0.5859723646845523
0.18633750783550118
-0.5261674996697967
-0.20012627774141567
-0.2848349094892504
-0.6942582631488206
-0.30407668188985193
-0.4731747798556223
0.8683390120723324
-0.5623464442962516
0.615623627785526
-0.9119345894728719
0.14062996411947903
0.9868729621434165
0.7250081758412801
-0.2104468442970553
-0.7536673130404201
0.9568691916000236
0.5064241208384779
-0.187552978880432
-0.7468185687814664
0.06313643793343648
-0.37704213671250186
-0.4709871758238666
0.5612077899547916
0.8419871994727046
0.11480348225195858
0.17098271360494244
-0.46762179813797333
-0.08577870347999306
0.37243049976433396
0.5044330414025531
0.4320659851264763
0.5003803890191647
-0.24529449729598873
-0.4448619427704805
-0.46038912865614945
-0.15170627986337615
-0.1466235198237651
-0.8502225171661317
-0.2578471728914915
-0.3057531153042452
0.42828762197004155
-0.807799201102934
0.2956334497726143
-0.3304374029139925
-0.595944786884022
0.5651545920898231
0.7466165910141069
-0.7667780485244571
-0.511331454265094
0.7177687366665544
-0.7404355176159905
0.0038070929200781922
-0.519067066435585
0.9829458687149601
0.6184012091846738
-0.42300876312869296
-0.05070590913522288
-0.7451352265455342
-0.2584044229549185
-0.413446772266026
0.40752032333865773
0.4521642012819542
0.39164985069533875
-0.757292850856472
-0.9277482972446631
0.7548845754708904
0.7594872540649149
0.5284131468736761
0.21217496698266003
0.2675201448194888
-0.30907772483580476
0.7125997335362366
-0.9197749203167065
-0.7963792925550941
0.5346094602028835
0.8893586800474989
-0.9916874656009269
0.17470561334578427
-0.055540056513330605
0.3935905161493667
-0.04971007025652363
0.7239406166872988
0.48677923295431014
0.682965495642075
-0.3028161281346786
-0.9882902369975226
-0.17186308517901394
0.32792156222203017
-0.4946613779032554
-0.5303704749894218
-0.7964307453108765
0.936222083966957
0.24458090319783898
-0.38797137075139543
0.38899702745982734
0.022027686975161
0.7323106802275725
-0.8946214712199827
0.3536805951495494
0.39883996763616913
-0.7975151823543309
0.1641929483839566
-0.033112189067180164
-0.9383165905129869
-0.9088406066508223
-0.9188794825710818
0.4826809085033714
0.7110738063994422
0.012574588602742631
-0.31736474551840144
0.29776139049633366
-0.6299776763440212
-0.8669168967651748
-0.5849708486339569
0.8892527377671131
-0.9311390133786597
-0.640226436046649
-0.6664261315265361
-0.6377011227512179
-0.7735840741301512
-0.3099808635766612
0.5248542174768032
-0.6987993137809074
0.9015058616117526
0.14025394244473066
0.8286689832047038
0.12596137556099407
-0.7454507745744683
-0.39458389945355465
-0.09116537158945781
0.7280041971743734
-0.11980797954096523
-0.7806372415323213
0.6024272467321947
0.7392770496757088
-0.8111713452021807
-0.26736241637652514
0.4146163820825648
-0.5036441006180181
0.9235422310571466
-0.8082904892304015
0.10557010345150575
-0.12786350831129134
-0.9947652373526581
0.35786754397424647
-0.1231193542667599
0.8477364159267453
-0.0259581154591062
-0.7149879881187442
0.7228344593802667
0.4476372956788077
0.42388713000095124
-0.9035873860927961
0.5158048357316618
-0.9084109514787131
-0.6224277072980906
0.0712146932670219
0.34493247499912183
0.6498520661259388
0.25793338342114835
0.007595581206754964
-0.0005882499336891112
-0.23347897223206404
-0.3454597322775659
-0.3272212574338216
0.3414437041618614
-0.8799735155127022
-0.7284732874842952
-0.9087509904674065
-0.8529443517307185
0.990610523195927
0.48427618897275804
0.27366555319512686
0.2997877796523847
0.463071546273746
-0.5787592448192251
0.11132023704779859
0.7444226228844184
-0.423683540370676
0.786960921387774
0.30460725830303725
0.969088857560434
-0.6731056519409362
0.2834085138843192
-0.3407422774593132
0.054704039630774526
0.48750566957457253
-0.3777076552468315
-0.7718821322135083
0.5969880450108025
0.15216317161459436
0.8685399435779917
-0.3186001461921839
-0.8567958637787083
-0.05076894622094752
0.2260202874745707
-0.8757458618511078
-0.20721203077110895
-0.5534758820345076
0.2536499070630389
-0.02183481213940186
0.06652630783262947
-0.013112422582918004
0.5804982684117093
-0.11658550517384292
0.7651041100928797
-0.3729546621502662
-0.777398865924835
-0.39979558418730576
0.9845107668888053
0.9564320586059263
0.5922973952820452
-0.40685906379057135
-0.624713076198842
-0.9203829075855166
0.301275815445216
0.06567914636531258
0.42404885764070843
-0.33134784580405596
-0.990302468644936
0.8799940935083224
-0.9962006598248867
-0.3877454228580475
0.14111134367265477
0.8393576639293068
0.5018778129140289
-0.6067129825725803
0.9541442742607191
-0.0009778451045792114
0.6128432669773283
-0.058053138321568776
-0.790133561184778
0.2688831717995439
0.7556005297875612
0.17569532037206637
-0.7165732790169934
-0.64335085104323
-0.1253375849350178
0.13455331982612995
-0.6588052694330682
0.24563780052608486
-0.305319812456321
-0.7451994245151743
0.8483521542029064
0.531936616959712
-0.0900668881374398
0.18259555773301517
-0.8034716720791037
-0.5060316023164808
0.5888694280390248
-0.24673566440507688
0.5240919911080797
0.7312264966532149
-0.9359111412183834
-0.5092267742434449
0.15951811422042161
0.3214332241198581
-0.6013886592145765
-0.27734779827740486
0.23651402444989245
-0.6699914531769922
0.150447105371313
0.9846242516078747
-0.34662589606268845
0.42070328231685594
-0.5944675931026682
-0.4719098819210259
-0.37779711938351324
-0.8405869048567056
0.4947422499074601
0.5909439104355503
-0.2146712806708715
-0.25332938510570124
0.21463129874007625
-0.5887749997797267
-0.9207944465459805
0.4553256805229433
-0.7561013844251814
-0.2435391952602033
0.5956364185609548
0.6362006121314712
-0.28113584113772583
-0.31998568495109736
-0.13226173924436768
-0.28898133200505716
0.899688789114361
-0.37184400484648794
0.03556012262448793
0.6785483843634281
-0.7464543849493885
-0.19293594160499672
-0.4491769701992403
-0.9142183174732925
0.977221560216359
0.2628788638859789
-0.4165878656951454
0.9070024056984816
0.8171231325756931
-0.9210202514154398
0.9496829560335287
0.33510844519330774
0.2760149862855661
0.25981244064069986
-0.9434160233644178
0.11854841900805835
-0.1265064273728269
0.6966843663020861
0.7765559029747198
-0.49845765271646525
0.8274192757755465
0.6828084686009339
0.2543708884811191
-0.7088238176243695
0.10373959163903823
0.07168795018681662
0.3467609495474353
0.804814106043791
0.7697273277983514
0.4281858142464343
0.6446568354417235
0.03025032213809631
0.7301882341548687
-0.3557585161293264
-0.9482961251030968
-0.49244368957839635
-0.18779524044043683
-0.0968255089989618
-0.19478247831405082
-0.5869731255391493
-0.36200694003668676
-0.0435345480659044
-0.08576094313970684
-0.7681255966739828
0.9285283385510508
0.804554838647219
0.6789897504732294
-0.7368468176636849
0.3775651534551918
0.8088401244103685
0.34196762075491405
-0.5245647174668946
-0.7137785550586606
-0.005519804623848712
0.8919403554934409
0.3363295865973701
0.03759030886108494
0.5252149745471477
0.5044846497244087
0.12821590808770233
0.8741934837508165
-0.8411591307246824
-0.5477986705412456
0.10334947578877851
-0.36860585495445
0.6381082937720308
0.24818864882448288
-0.4602355828652991
-0.40136325004116946
0.8818960495003032
-0.28229654217183975
0.7633727346887813
0.5356791395135023
-0.5043401154825247
0.7107894249436257
-0.03676632622177878
0.20756678466673306
-0.4815173808663791
0.01010242503196479
-0.9704638101632981
-0.27233920570801584
0.3246065457991989
-0.09723345950029749
-0.9524119617195195
0.469028349215697
0.44808387534669314
0.7377226822655325
0.15768196060738826
0.8022048828767092
-0.9928702644230329
0.3545641653995646
0.07599054337877242
0.6530458369685388
-0.5624056939880719
0.5544297979385278
0.21225345760975478
0.39066440085229703
-0.8451321811211698
0.45214127336898446
-0.9667727542112727
0.2798676195465708
0.16921227802574745
0.5878088509492994
0.6219759420920719
-0.839850520981787
-0.09677851256758863
-0.2618700495760957
-0.5882395826293307
-0.5544557127336671
-0.8266829519750711
-0.6757120993126999
-0.3714141129566302
-0.4134296906976871
0.15298665514473897
-0.16312240513092968
0.2885887371211229
0.18908360108035138
-0.05393129311329581
-0.525566226479826
0.11418585211031695
-0.3556672290349141
-0.14770361064702286
0.7735500478090303
0.2402697677485488
0.7343966237508346
-0.10288992913706085
-0.6786723717367029
-0.30965691617388647
0.32785655225076593
0.7507063888767653
-0.10403783713921744
0.5078860149449755
-0.8373364934476022
-0.6246138255442122
-0.9807180086856933
-0.5240234604688416
0.8994738326696048
0.9744315364897458
-0.3079346825254705
-0.28204776625518724
0.5181754083779408
0.45521898873178746
0.8875951242198716
0.8943731990208872
-0.6717200449135061
-0.8921996715756264
-0.9938430117459791
-0.14014043210437577
-0.22144220670155512
0.9473080803007392
-0.3572705817501036
-0.24679626702744706
-0.893992081888527
0.07805180956723401
-0.12693801962156304
-0.5879397936449609
0.1693009312694076
-0.7975759205721515
0.8233491408096698
-0.9582246675292065
-0.9681491973232919
-0.4196281140628577
-0.08626271989997769
0.5613669219337165
-0.7814737787858703
0.002534283331053322
-0.7877061266668539
-0.7315325401662403
-0.3274610594478513
0.9042805320165661
-0.09410720280652995
-0.23856942485962196
-0.8676575024381632
-0.5312135877856585
0.05258865771971544
-0.5599046173114315
-0.6413524527316057
-0.5334909173683546
-0.5860640670161812
0.4637167584808852
0.06052363251390558
-0.16271467877863688
-0.303223977844443
-0.7691074852673732
-0.7363869194420964
0.9442810394891723
-0.43054668865582
0.08118241274200244
-0.03243780374403937
0.19757873765975686
-0.24736509114306893
-0.5505521723328153
0.07765158875320477
-0.8555881035253046
-0.6348857191544222
0.7281914738047388
0.25111417133646663
-0.36926818902604674
-0.9624264885683722
0.4849209543583355
-0.05421896306608387
0.18925148195903385
-0.4240790577867304
-0.29132444276424985
0.2463469450918232
-0.5290516184093308
-0.8921285127167984
0.35353112699072375
0.6228344389030294
0.5909942516591058
0.7254804633917975
-0.8000859696536489
-0.0813943224289082
0.08590036682511948
0.981004929595924
-0.6983770608133699
-0.5553856865646751
-0.42099655255233115
0.03535398116411881
-0.8113255623816316
-0.34921149801284046
-0.2027351389763694
0.5182281925943102
0.03498376242113288
-0.8526680024592925
0.8702016869692091
-0.02882905577902095
-0.9970277154750535
-0.05989341127948933
-0.9627829805990149
0.03318048713792754
-0.014672960745601538
-0.7850714911935979
0.21909666971162034
-0.49986103118976066
0.311122495873029
0.19252486663421897
-0.5903830818981373
0.25961812847359234
0.07932153245290019
-0.7811765319626078
0.021065478364076906
0.4764309575428489
0.3198416955517669
-0.5395978715242473
0.968613462833031
-0.292213246898269
0.08673361852025918
0.2683708520549104
0.8674339998750633
0.39419222258398046
-0.310322511511244
-0.24787027129817618
-0.9497101793734746
0.2878414964293199
-0.39500578379706797
0.48196648286244037
0.3257904251216479
0.35094214536968704
0.9654595405648267
0.004909484758379268
0.2719747772079171
0.5117174111422798
-0.19924489482018326
-0.18505697028194779
-0.5473093403798064
-0.11677133222721969
-0.5202714170637079
0.5486716350079159
0.5365210091269224
-0.30444351156012006
-0.594669895500427
0.251133831813938
-0.5017970377230823
-0.695621855084934
-0.12851256057722926
0.7178379923654385
0.0011049275951402482
-0.5864130960970204
0.7254038912956979
0.299805191207954
0.2760675522078402
0.8604554164552896
-0.4010719051265321
0.8443165836137321
-0.7794117076860909
0.20275176821976393
-0.4118584195672592
-0.09211994999528894
0.22806138935200448
-0.842735587142492
0.7089296668020808
-0.6369460423077278
0.09686357546270097
-0.9520491761814593
0.8238865286232941
0.8396158407838463
-0.1434744775903951
0.03776872699241984
-0.3571456050966799
0.6258068446748728
0.7430915036967625
-0.6991916360028618
-0.47550658406462265
-0.5081693964847898
-0.37933050602402396
-0.7010597434288175
0.40413138517254477
-0.6695743007466957
-0.2603642280573937
-0.3422378461644522
0.9424111956745422
-0.32874909479014724
0.5838175149471077
-0.27323978880213895
0.54703152716903
0.4154396716625046
0.1952454856746455
0.8667484064121207
0.9176960439710109
0.5002109790760914
-0.4610426962786607
0.49373964005422355
0.974004802911659
-0.5286667664501654
-0.48996005666036946
0.34450568075882715
0.8547796946105786
-0.08100052316023221
0.005368094721641459
-0.7853665833160732
0.734127996972711
-0.9405014250443704
-0.9319215823699689
-0.6673646379318756
-0.4356469367699731
0.46587238213573556
-0.6240057349115093
-0.22886620350389308
-0.5012440633390216
-0.7509528651869779
-0.8256735251650766
-0.1012033635632581
0.6786491607651786
-0.3768689083555108
0.8361588233197788
-0.4102690410696408
0.1504176254953684
0.7360062410471615
-0.060269682137634284
-0.5654747763524155
0.68190306642147
-0.27357684065514665
0.4759253735020692
-0.8315671207974591
0.6179325127830262
0.6253127202023128
0.16835047751703391
-0.5234296701338863
-0.7066174973617494
0.4703823748339797
0.13854482230855192
-0.2700828884745645
-0.7857221444626721
0.9758641113221751
0.573656499818535
-0.18886127258973784
-0.886917668096076
-0.695278417273381
0.4398025395017775
-0.5059027045817552
0.14465947743718122
0.6496144184536794
0.01920014639023271
-0.8095089759505585
0.8488256051096092
-0.8755225497554353
0.3694254877968419
0.07436911940347835
0.16058295692585633
-0.8219758109776611
0.6452644922612094
-0.742232462010411
-0.5018566758372771
0.27042528415983136
-0.23799822930364622
0.9994561121513019
-0.27659896037970655
0.6732984590709579
-0.4988505034569912
0.6541913097466783
0.2724217189430569
-0.03364655572408792
0.28428783195308416
0.9124445088380899
0.8857099398239909
0.09000103369502721
0.09589760017093574
0.08302596379011207
0.466510993199593
0.3572216483860917
0.08591554433207915
0.5809978096919299
0.808801748974519
-0.77096654650501
-0.7388172347419693
-0.004800904175117138
-0.6658598238211126
0.2609517433469146
0.6395981579090013
-0.9148726316013194
-0.39357256279896813
0.4654075983951065
-0.0011288993345579534
0.26250442353543035
-0.9480915979828051
-0.40799866917332994
-0.9918010277255798
-0.536783538783014
-0.5889722038799852
0.20114204765648447
0.8084776317186424
-0.9020904150656524
0.6588763421735988
0.7575755983895573
0.9681955887542699
0.20862729921131473
-0.31864518395489516
0.7502013658685176
0.6802908378952686
0.5169016172729455
0.46880018409900015
-0.20879382002278102
-0.674467167466293
-0.8095346174003102
0.7252488553226883
0.7639915833497355
-0.17907066652077686
0.6775077608682103
-0.20021525558085473
-0.07875495470842453
0.9419047596028132
-0.764243495243756
0.327224527418569
0.985831111007264
0.07485334863736215
-0.93566712494264
0.1585711741204825
-0.13217246848737796
0.8311835495923925
-0.05428850546988184
-0.73433378524225
-0.7336851721636211
0.8551483015965229
0.8527254526803569
-0.13709257052462487
0.3782975084487896
0.2810150043474846
-0.7762687678781526
-0.2528152986117913
0.08616913121345782
-0.17592578310203444
-0.3728780960068383
0.12086308265334433
-0.46093316228378445
0.3149141551186616
-0.12974070392367487
0.12256296021739943
0.8559482847245126
-0.8371073705125394
-0.8178335603774778
0.08191724454458549
-0.3765907465014473
-0.27664102896343823
0.8472029753090289
-0.8397217047471985
-0.2808359602072068
0.8687365987095894
-0.7744216809167448
-0.47177602273224184
-0.6069772065815398
-0.629899253576846
0.3722124233292474
-0.2744857213828753
-0.06929230800812447
-0.19617314144754228
-0.7048961064266848
-0.9533138498726181
0.5041157596439634
-0.6650952447635414
0.40994372204675655
0.9433813848459287
0.8327222913234973
-0.33315577356666126
0.5518275220860398
-0.9569618497521406
0.9894356022989899
-0.5051536262551057
0.6485644676041202
0.6791872322844934
-0.35349025745639073
0.20664400466667066
0.36362329239472735
0.01812666113610728
0.39277107246641907
0.7494647650981514
0.5609371160801133
0.20804947077874303
-0.38731418189533495
0.0030269423666606787
-0.10035385718156253
0.4395131149883471
0.9055072739399905
-0.2576405020147703
-0.9096818713843462
0.5246965135899044
0.5383611002592565
0.26095253433446075
0.3458665071957443
0.06934679144883305
0.14387600375339926
0.757775418391776
-0.7392553137046489
-0.6656918160011218
0.6065122974770947
0.16039106198258457
-0.9367512519736472
-0.31862251354170024
0.6667369361749682
0.16346543430835836
0.009386000796036686
-0.7689412696428732
0.5788006335859166
-0.917019087585704
-0.5297792787408278
-0.3113273795012901
-0.009972161618931441
0.999091263101821
0.6073827629123867
-0.11377774659150663
0.43287737019779193
-0.46397175010486946
-0.25583513639638533
-0.8866048616303805
0.7240441402878326
0.9869215931692712
0.04401833704974245
0.7299215764519185
0.2030922136314628
-0.6478889239566226
-0.3502636710814615
0.5505797423992427
0.6799975410259551
0.21686107917066222
-0.6812891382705
0.834952001808257
-0.6760863672928721
-0.9179392502392707
-0.38123283192425506
-0.8701078675124456
-0.11220433261391527
-0.10735672880233338
-0.21576637295472345
-0.9001096690578205
0.23052266955833933
0.562723646873134
-0.8907653231828931
0.8065323757924869
-0.4558506269170166
0.9382763171624289
0.7216755064243168
-0.5444719896354626
-0.07003270296620778
-0.6721815302331646
0.5294200342670752
-0.142444184764692
-0.13379831383768948
-0.18743267004647102
-0.24231540087490333
0.17068402733588872
0.375917882680761
-0.3472951544197065
0.4809001204671499
-0.523353435782425
0.007102203995900336
0.37932328483026323
-0.7832770512552243
0.6398112499520459
-0.18244812881752281
-0.08210178566432447
0.9781154840172137
-0.1462170030535912
0.9542284532251333
0.30107228854340673
-0.17836791565279064
-0.885072996333996
-0.7092954656843309
-0.5855687817351964
0.14948264405744038
0.13847607929677053
0.6649070374971229
0.05407852323925977
0.4992955555504017
0.6257341352069561
0.2688775015728231
-0.5859963947372584
-0.8581846915697935
0.32641105944923443
-0.9046336738937948
0.48375264659878403
-0.02209943553452076
0.2294972781693565
0.48081180719107786
-0.6076902145509961
-0.005192216049836995
-0.45738174405052967
-0.28254508859564553
-0.023658368524693163
-0.2775654780387593
0.7277602378741665
-0.5409034462086861
-0.1268703925672825
-0.33067399486291427
-0.8845643427666474
0.3978079833487811
-0.9691897117330885
-0.6586747863716353
-0.19876560442083346
-0.37128435135993065
0.32291637590358824
0.15518107063389386
-0.08212054492975995
-0.2552051962859274
0.711390018833264
0.27416639010659316
-0.6774057501245061
-0.7918942743109891
-0.2758415289247087
0.5653531246495838
0.12844399871779655
-0.743554179789427
0.3270726593484383
-0.554630329894424
-0.17214821332088492
0.4227580404854854
0.10290760432328683
0.32309757827904906
0.764704990783287
-0.44691072038392354
-0.4550926089985905
-0.5407561371291751
0.6336901294051074
-0.1515651862958216
-0.5623305449773526
-0.13142033099687778
0.2775162515740348
-0.6995840263576949
-0.6398516985062501
-0.42348204416211344
-0.621772352452187
-0.3068185768765286
0.7002053241416677
-0.3385476088210393
-0.00031423513166739525
-0.779771777414116
0.879061314465178
-0.39210428134473374
-0.9047338461934025
-0.3807929730007422
-0.3434486913373227
-0.6253850555231975
0.8864361187554954
-0.6634592997469677
-0.02637033644983222
-0.7479631041726031
-0.9957680893605712
-0.06588521306819906
-0.1711315785478711
0.790670113034253
-0.35947628409246746
-0.3452965977400799
0.19611354040467277
0.5769730216437012
-0.576377050083674
0.76388159830003
0.5244388209946802
-0.041490117045056785
-0.0568429836301112
-0.16113700452838553
-0.7925018238024546
-0.7847170526044696
-0.7421410950145231
0.8064351110011627
0.001563839414120194
0.5011736409901075
0.6077432582411797
-0.32225535845557607
-0.5246382295614385
0.5817332350234758
-0.11126406910418196
0.28298617952651073
0.5525500885911347
0.6480359365313266
0.6918203569330232
-0.07866619520221874
0.35207955511890376
0.1678715245943918
-0.7508789613010107
-0.5310722552562945
-0.791537235998621
-0.3212194030560225
0.5772802203435625
0.8392650641774806
-0.7587574665517596
-0.5342888078277912
0.7584687076341037
0.7326495721742374
0.2993418209430696
-0.15061321169996567
-0.14749070426202326
-0.05219146798385976
0.6337708565523903
0.7304220933246435
0.8051257137395262
-0.39785977395994765
-0.5149081125479853
-0.7440000877862272
-0.1000784727905637
-0.5840948450657386
-0.44792940279903926
0.30424896652917877
0.6736506244869493
-0.30228190921276177
-0.9306371168443963
-0.5222924995718734
0.552057218059117
0.18187609329842536
-0.7176445010840313
-0.06257171006419981
-0.9979887895232082
-0.29367874214849077
-0.03540509512971024
-0.16243463149538995
0.8370961041131877
0.5264191963993303
-0.9471050908346026
0.14347581694123868
0.532778418396282
0.7570650174442335
-0.6573046125730577
0.3208301756322447
-0.34071342646946845
-0.5513868922161551
-0.4635932944654335
-0.5363406991889048
0.31682917047230275
0.04950979516393539
-0.15961610014808625
0.5131075915059362
0.864400263528605
-0.34280254904294916
-0.5193401293562283
-0.06795290958975575
-0.0017817701392490726
0.7027557379754024
0.19655235226235468
0.9900402293817607
0.481954752203378
-0.8389034716430701
0.5091624878273835
-0.10094656064280394
-0.7748085688079909
0.2242459422521721
0.9918516110927669
-0.24759451387177212
0.4111936663872373
0.30763646087094254
0.20616441820588505
0.2362550622692079
0.3304473518282587
-0.45515200917893295
0.7756858930028365
-0.9971000548373754
-0.5768723540858671
-0.9738599296226504
-0.2966692878088357
-0.518193625964775
0.13433949360384467
-0.5281304008881462
-0.8966783616657183
0.14050780477039937
-0.4287411989006158
0.40655313868897025
0.44950051028433924
-0.7555402343000304
0.24373202896670798
0.36286474281968806
0.8959862475112561
0.38063488282740043
0.8429147898638436
0.11789492683236902
-0.4999337337003271
0.6008711315623882
0.8327738633831225
-0.6658068396161121
-0.6776610595727108
0.8042608449403945
0.5073668867203749
-0.6341978903118617
0.42040941787648345
-0.17450452995936394
0.23435646433622304
0.09172411987338469
0.21178084311873646
-0.39946635477470704
-0.7992194979374263
0.1414957778893513
-0.7083809194950135
-0.6419226789693318
-0.4331550990172577
0.424218468942835
0.9481154444893394
-0.8218545428310913
0.4750440529957176
-0.9366910456384479
0.6235328043648232
-0.8724204942996965
0.638151426965891
0.4842175095823684
0.39711560324722717
0.8387257309340128
0.47503552105708957
0.9645602971926341
-0.5997543358017887
-0.46896611248369924
0.6482253530562554
-0.09733616041938209
-0.27260206512982665
-0.20627589775745037
0.7034079814896959
0.572998633784114
-0.9863781617913503
0.614515005585546
0.4754995300382441
-0.8203756366720361
-0.31640827108325364
-0.16296728557496776
0.4389473436381224
0.6203841440977982
0.007514196594539335
-0.5595336807298668
-0.5089911769699111
0.4843323127904484
-0.5213804023283632
-0.5345983926318407
-0.7383205793137044
-0.245402861479193
0.8751769350734049
0.9904165463326369
-0.48111080519574156
0.6611129522079651
-0.6206474965046402
-0.22507236458804392
0.9503720091018124
-0.36339616264892793
-0.4055019293157598
0.3040122664297762
0.9229583269167125
0.6436255798613468
0.440865446701322
-0.4052220072277197
-0.48934487955462047
0.40767981846603485
-0.9331660407622999
-0.4971857587502433
0.9455650280715338
-0.694888599634615
0.7336645075747448
0.259215372405442
0.49924304236545747
-0.9297076139189207
-0.40457765491832
-0.020100481846410112
-0.7688117559513263
-0.15858601848385478
-0.9186219314178641
0.2607501771598695
-0.25971607143939957
-0.8485435300494941
-0.2983823582925389
-0.40028142442894943
0.46440664827081024
-0.8664767548148622
-0.04867711474644665
-0.896693958013854
-0.2825174143196729
-0.6848573459656835
-0.58951815600497
-0.04315019552492694
-0.8212625963052451
-0.8365601188884777
0.25659202079307963
-0.989538332373795
-0.6186252332235107
-0.10292601603165319
-0.15871147842278854
-0.5145562955646963
-0.7873740532184328
-0.18022615093339622
-0.6820933680927135
0.2766762970086498
-0.23981115310026246
0.43479659560071426
-0.14545348602727803
-0.680133615785744
-0.9424407512340611
-0.2676713882642596
0.8178727504741161
-0.46990515148448453
-0.8500527125619117
0.960835961477922
0.9489289034763577
-0.40155691563534357
0.4496339841497554
0.7709895066945076
0.03499389964517685
0.6096680355243016
-0.7934389374372046
-0.044205012470582616
0.0025125050273557825
0.44236587841241715
-0.5600069331248116
-0.14245041984574502
-0.23254300955567953
0.7257414802271538
-0.6520585631579803
0.604769071073773
0.6881446677153498
-0.7981609645016841
0.1393777395050222
-0.9993027694973686
-0.47175746335983226
-0.22960215348816648
-0.4714840934075928
0.6075672138552066
-0.6246777981239879
0.09881301974673251
-0.07445269978430491
-0.6191001921586987
-0.4630328212446735
0.7877240301443762
0.9926817606585976
0.4342647647320468
0.8497856661525283
0.053694591352563714
0.25752736213941985
-0.5166141018346984
0.14478278648917042
-0.31536331725912237
0.33519863511759707
-0.5697783066359543
0.8213327357507221
-0.33237903464263385
0.595656389273449
0.612682063944497
0.9287875769505578
-0.467529005154363
0.363085069225642
0.001309285085134615
0.8270152754835005
-0.9895585796865347
-0.14260560970865122
0.746772523100036
0.4220676483615309
0.18295773578217345
-0.6864939493318645
-0.23839085321396225
0.6585139407498015
0.777261448542103
0.5322078046010279
-0.29464102934048375
0.9169210784709438
-0.3553212532785963
-0.602429292269592
-0.653210263618081
0.9890918633897867
-0.7037260047873695
0.8548097156081933
-0.8522927941891731
0.29386417053919645
-0.8269007796841834
-0.503216050503074
-0.8083954847423338
-0.7697034278343313
-0.7960606195226734
0.8536557295788081
0.749671935624066
0.07632204663634368
0.7136312657140587
-0.5102081804567697
-0.1837602921586856
-0.8367960856760996
0.027108881065112556
0.5683624861817096
-0.04027358939699366
-0.44405465405910394
0.2701003152973851
0.3136256704843756
-0.8094999827133835
-0.56497650849899
0.2647000373468962
-0.8492060227665195
-0.4024068450936251
0.23354232236129757
0.9884075535317625
-0.30333483193079247
-0.698036692312723
0.4374370579467879
0.706750757104796
-0.14523496092721677
-0.031343530828092714
0.5564422456807581
0.8629038206793509
-0.034366035774710646
0.1531576873876217
-0.5549027573687999
-0.38587929715661384
-0.5361000738146835
-0.8640028453242141
-0.463757047445029
0.001356403394939143
0.764335334591536
0.1712291471150913
0.3431737010779583
-0.901369030108244
0.07909516424705942
-0.5671742320269695
0.9823966387061835
0.3977154587052516
-0.8557930552480968
0.6682776064703404
-0.27000319595047206
0.4434105532302115
-0.8470006093034905
0.030674691424497746
0.9526328629496861
0.0009440577993027333
-0.1216163426499639
0.4472896359276113
-0.09934959169525759
-0.2131061296015606
-0.05085343434518763
-0.6173559774290611
-0.7431473100495121
0.3133709636596502
0.094646607922928
-0.9158342483971003
0.5398570754249188
-0.40345992168922784
-0.7234416311667908
0.10280904158482085
-0.7900670318629983
0.9054660896375091
-0.6491134037478201
-0.7032215928157413
0.9230980863304761
0.5062090272705055
-0.8070452793327363
0.36705824783530927
-0.8886456202213857
-0.3946656528581265
0.13819798098870217
0.6326740861908264
0.7914424983330368
0.9026253421320136
0.5937326699875685
-0.17259455510957666
0.9905750821181172
0.7518869404418298
0.603654604660194
0.5369943154764281
0.9047221781055954
-0.8001680665678361
-0.1493511094600357
-0.46680900427727545
0.8290563416217804
-0.666133604290263
0.21583105587502116
-0.3572541094620967
0.278047364809197
0.37269136274599357
0.16927171932936225
-0.30886843644805495
0.20054168748628065
0.2546705928278581
-0.6267141814208557
-0.4079399503178931
-0.4457234691170091
-0.9036078387551663
0.9384596099566211
-0.8861222796879302
0.5520160809396846
0.37909356021413787
-0.36007402819672407
-0.47541008108574156
0.5170187600411202
0.7656279499461491
-0.8961911558743407
0.7092168260446934
0.8498565861524974
-0.6266158390151917
0.2825421932118197
-0.9146923510045843
0.26897330645705764
0.8509822098972843
0.07913337416312594
0.028190072095764407
-0.39893716839258553
-0.883968716815196
0.030518465784643123
0.9596627068059318
-0.11041492698344624
-0.3282315558209048
-0.6264266886787568
-0.005170941851912136
0.14963994497772104
-0.36864964178019677
0.25768556706584866
0.05824713109336144
-0.29818425559557693
-0.4643472274376821
-0.7338357867640661
-0.8708425686727228
0.26353946834240594
-0.5816331758945903
-0.20884461025886947
0.32770143742387825
-0.25914983409298586
-0.08689580415869602
0.7214248055804564
-0.9411471462443914
0.36967848169291484
0.907291945355766
-0.28110179772172184
-0.5977339240129134
0.5353732198233447
-0.595667919761991
-0.5994571524704768
0.054355809525411525
-0.5687871156743358
0.3341098645328575
-0.09349644328950646
-0.38200892872724324
0.38635470697513674
0.19344188483896385
0.2341659343380058
0.6511459398420336
0.7461944070019719
-0.30273725168509813
-0.9296963466771122
0.646527459103694
0.12544941242180485
0.287383022475987
0.05105106746419308
0.6392115876024997
0.6296960633980624
0.6505066663428685
-0.587744593551585
0.0007693846029961371
0.865971042117238
0.23947857345521872
0.748598964297871
-0.13592022697231854
-0.030421348511996626
-0.9914654641459653
-0.988317139295356
-0.6952839170079628
0.11566795009796715
0.14380320700482607
0.23196792619038575
0.7332159819253483
-0.6334967643409488
-0.7370776660866853
-0.1674603181846015
-0.26632517627378305
-0.6480340876831399
0.630937922282234
0.06741551731031903
0.4868980893692665
0.21219636189931235
0.7771205425551893
-0.2648203233235704
0.4697310031487749
-0.7354643415474353
-0.5707412873460742
-0.8774713423682143
-0.050038509722596825
0.17831681778393826
0.3050291559495033
0.19194856880385358
-0.1327637646835811
-0.7226303866902883
-0.8617480572629317
-0.6352574798129533
-0.4542826903301511
0.2851277440745781
-0.13620781437903173
0.8789471216162721
-0.8317488694418209
0.09457254604083176
-0.6077609537608681
-0.4643051544945944
0.20694984231147928
0.6196138493900687
0.026185141581906102
-0.9212686554460605
0.7476445830686809
0.5156279797957095
0.3139459390681354
-0.11889122857648204
0.6980568121679689
0.3583732309391485
0.6300558997274854
0.2936440875772517
0.07315684802741851
-0.0442702938290116
-0.8030997955680155
0.1552188628694593
-0.27973557988216524
-0.3480760486339043
-0.6353230906543794
-0.03890688520387098
0.4255506796710862
0.056278533708264966
-0.6259111517289644
-0.2625820049111942
0.358773913577787
0.09558181364490959
0.12048242672845078
-0.5259226966409163
-0.7307678791903192
0.6023991377316327
-0.6659314949716026
-0.46824844079981953
-0.2622620266441966
-0.06843634699096879
-0.560573953809792
-0.9264257258650281
-0.36284136690741575
0.9470321967149686
0.5036175673183558
-0.5733488691119644
0.10280948676066592
-0.08404297849149533
0.22790541490956406
-0.877930436996698
-0.6199306781360441
0.9660550155960155
0.9687844044709126
0.2080748540855355
0.7096765120266597
0.5172576066619528
-0.9322992489570923
-0.152573634071568
-0.640017007338112
0.9129984578498136
0.12605982831062934
-0.46908099567769024
-0.6466527912999351
0.3121202687600533
-0.7608859726121211
0.34415856491361163
0.8640651806184383
-0.45055781318835497
0.2525253363867739
-0.8944012468292415
-0.7317456133145988
-0.18474381141977947
-0.8708420618669679
-0.7011552054123855
-0.19641097272418695
-0.580078926662102
0.41725621239171007
-0.6498582925393686
-0.9807576645775955
-0.08292982037411467
-0.3438515334031713
0.411255104122749
-0.1621737400701324
0.9366766168854779
0.49637704443160113
-0.690739755864038
0.9344036784515892
0.590520277904317
0.6826868354904418
0.7675285091903927
0.9357147240753227
-0.9081007496680302
0.12813682211685729
0.6971897456198524
0.4307972756988623
0.3434494662456702
0.402222090709359
0.2422493829412249
0.8995973992231043
0.7580681166088841
-0.24066319489364596
0.27249247216966466
-0.3164565425214594
-0.2802219147069096
0.12025276654553352
-0.602446621028355
-0.4534380539243883
0.610315008554495
0.7117546746093479
-0.26064683896093244
-0.021654995318969306
-0.47859689097988234
-0.334977867754527
0.37115544638453724
0.8048733320239112
0.6060930785956371
-0.2174854370163053
-0.5438704542514974
0.7129310190328402
-0.0599967846938434
0.17168797307603123
-0.9521569909760428
-0.9491742043168296
-0.7164993953164736
0.9908067427975114
-0.8298821380722048
0.31307873930941854
-0.3674573418526421
0.9607972594365679
-0.11340789226421788
0.6260487586403118
-0.014750599439541823
0.426106940190329
-0.8467214931680831
-0.9977264516830215
0.03902268872859027
0.07113511517544158
-0.7197806034749061
0.2697861146280809
0.6743756397066054
0.5073704633503269
-0.7806849368949706
-0.7593717466662615
-0.32025446322700857
-0.8253500363472779
-0.4397591609442204
-0.2961595462991238
0.29923602166990726
-0.8137396033116415
0.49242555696197
0.25462649024041384
-0.2694450753372808
-0.05058960605900786
0.18817830378049738
-0.18864473311519836
0.34976537701360044
0.8624093747988779
0.12491069264347843
-0.4899204269753632
-0.44950487260876515
0.9304122429026709
-0.37266486057005066
0.34340778704544483
0.13549918194838262
0.15698785370235813
-0.7896604497819619
-0.3215888789236616
0.3436280582581632
0.8572107669212792
-0.6737168469567032
0.33086739850695657
0.2618069655977733
-0.1923935545557678
-0.882478881326094
-0.033568895566881585
0.20597329462473923
-0.07995119203227552
-0.7874247127912393
0.6680113599344646
-0.2436215432008917
0.0498651246906916
0.9760067840605642
0.13834050955757538
0.7176091675180432
-0.2927715678340408
-0.216104739170069
-0.7174013647020883
-0.29404129722089456
-0.1811261203173662
-0.48680241875237784
-0.055709252920311814
0.24986433971995003
-0.4992509724331433
0.7946912156467911
0.64240468362906
-0.2534833965377563
-0.9212916620246547
0.8793243193227929
0.551841348881235
-0.7380049880794348
-0.478284391696826
0.809692480355102
-0.5291308367982035
-0.774391545670805
0.4191509464829275
-0.9600613196298227
0.25912020378996026
0.8315077931536674
-0.761039687015411
-0.5694852812546214
-0.008765172901831653
0.3461115432026256
-0.2790303307632478
0.8863300299364019
0.013632604115716873
0.9581625394585775
0.22801024536788805
0.015746793931337155
0.33074874283287814
-0.4310242308243648
0.39281354267838964
-0.15287583333712296
0.8760803565688307
-0.5387240857325459
0.2041809686312437
0.1257565668291316
-0.3241328136406594
0.11720120980645476
0.1803050942749158
0.6764589324888695
0.6673090825664856
-0.6593070109304997
0.8829983883569927
0.11983070855143296
0.551727701996283
0.43427451023052166
0.09400677749041142
0.0029347581882712692
-0.6263850876153332
-0.574862926847407
-0.5296354293287089
-0.7516488554672793
0.7243988132314823
0.8239621800135033
0.5809008915171261
0.2705593684746448
0.08746766892843572
0.06781654100178192
0.9508098966256868
-0.4583857758292149
0.6309275591841339
-0.9668849857154984
-0.5203560762087318
0.26258782564077343
-0.22389971588380098
0.7012398382437353
0.7459109274531928
0.6591562884997644
0.2491111809014992
0.3936274033337994
-0.6643093654269931
-0.667402150674157
0.24296973037731773
0.4971905162022614
0.9996732331209175
-0.15747349746584582
-0.7274224293020299
0.28876102019764804
-0.3965465202004055
-0.8324075186744011
-0.7438926963778485
0.4088454379050781
0.6469436315155741
-0.024657598143009274
-0.006221497585256586
-0.6926909788550817
0.48215675106469513
-0.22389714505816527
0.2751995153179325
-0.4240895971260492
0.9582973308272937
-0.7170666765891445
-0.1284066234354495
-0.14029835589109507
0.4363355870125283
0.5399646769560809
-0.5661429186486846
0.5849717844326134
-0.03235268018188453
-0.2530653138514414
-0.5853792830799671
0.46657539758779
-0.023360517348685272
0.2627072272991011
-0.9382279573383088
0.9783015856821902
-0.02378175796656512
0.109092362257591
-0.9028136534160756
0.04819817437411311
-0.4788059657241528
0.09491309661429859
0.2652282196231355
-0.29245666207931587
-0.7417740844685132
-0.19737604612392823
-0.9877727925125721
0.6298662259993935
-0.1122213982609932
-0.24807283742152708
0.5894416027305627
0.24525600167351147
0.39549863910836813
0.6133194679207195
0.8141376442520989
-0.38758452054448256
0.5323013050956207
0.3464074610402659
0.9089653484762377
0.9226395726427117
-0.7361000284358146
-0.567526984860965
0.589249967350175
-0.5450580950400252
0.01386032333781051
-0.35432965652057136
0.2678093608128569
0.3377525588061052
-0.7808208722552696
-0.4786169339788817
-0.4927099670341337
0.7672321811192018
0.27852863724300625
0.9338410686226473
0.31776284267645516
-0.8830966567104641
-0.7893756715650155
0.2572291994868219
0.788946073834971
0.2802716493294777
0.4848028453735269
0.11232571654984036
-0.08938808065298343
0.44467126711779525
0.9464571179741534
0.5016179203743807
0.20013046938082835
-0.28764185572498824
0.8765644823749736
0.5548289484993585
0.36524101946322274
0.5908261967694717
0.015405369103594024
-0.0015756406962383895
-0.4859859466979457
-0.06412259386173047
-0.017851184857062163
-0.6030289425691251
0.34359131899659
-0.8796978064503289
0.821582257283408
-0.18166815527431868
-0.5731617360753887
-0.5939549757414517
-0.7618169277347764
0.21244453097659832
0.38692020451822384
0.45497339148590976
0.09275634104666342
-0.469102064847297
-0.07092985095175108
-0.41694518648968315
-0.8895872009116341
-0.22895814795402902
-0.5768164834036789
0.613878195282205
0.4671954433705596
-0.5066231133605879
-0.1874375906372372
-0.3040594257035476
0.2860832061672667
0.8505320335284958
0.2838023694824445
0.6407629959458565
-0.23682413178693285
0.1636696986746089
-0.7030723796935163
0.6451582026639056
-0.6099638053561225
0.995946170077481
0.8505733944418363
-0.39133633535275325
0.04115081316807245
-0.5740864296409585
0.6691922097073482
0.17017259673279495
0.17600431222429758
-0.8948779619173364
-0.32636355627590774
-0.063528311372538
0.6648441855524514
0.38121113581217236
0.5154950256484097
0.513763247934832
0.5710001122103625
0.07628265839920534
-0.569818813289338
-0.008484382553639147
0.7822474924493401
0.24539703517697742
0.7199116444746188
0.18292098238812327
0.48844690189152873
0.37554455911751194
-0.0039968354881882995
0.5542896823295647
0.09315221695743436
-0.9655213285927264
-0.22663253453893462
0.4849960214813738
-0.26921874682540725
0.5537074693731661
-0.447184699920949
0.15943746771255496
0.3219602394643679
0.6675521926644574
-0.8752136759723006
0.3818217834435449
-0.3216528347309573
-0.8164590476321743
0.9020166905603602
0.42005193140948505
-0.1369510038435473
0.9949728422167035
-0.6236761671016564
0.5684697353494561
0.16114189011744018
-0.15110186808787707
0.6426865967199831
0.8028293874037535
0.09121849215236022
-0.09154220865144258
-0.9565341727395265
0.2122340295647942
0.10017999515279019
0.9015685963536841
0.7261195690462474
0.9726474537259322
0.6034274289788253
0.004687603119337913
-0.9392020292396852
0.15351773040076866
-0.7470775691297817
0.6162099822724967
-0.5992963200832324
0.5623749449237971
0.1043549372249617
-0.6879057714600751
-0.40411749600826186
0.630118388272453
-0.03401109198788865
0.057420152846431094
0.18923664098960802
0.6787998162668567
0.9008564818324356
0.2366259460993443
0.6134140016734131
-0.21920606140143684
-0.03604357959672155
0.9887244074475066
0.18325781864347412
-0.08317387218470862
-0.5715137424544017
-0.20153860446897487
0.5290940933599952
-0.2956017240050317
-0.13245666714996074
0.1773073368223761
0.6883889397290714
0.6688025427793522
0.16868202087680384
0.14510231852561706
-0.8365739098747185
-0.31336129386282674
-0.5836095608932956
0.6855004223149168
0.633396880376373
0.4286702138593803
-0.2057001078329983
-0.9619490462128888
-0.5943127134595823
0.06090633452183214
0.531376971679492
-0.1669992655198651
-0.7171450637470651
-0.8962379420186659
0.39065904787548966
-0.4997734624814212
-0.6172299533315395
-0.8204166669740529
0.22808141569366347
0.5294762183460442
-0.740530092831464
-0.03044805118962235
-0.5103194832375793
-0.2357017421965415
-0.5621807755521384
0.20151284661788127
-0.33748259439924166
0.08050701595829679
-0.36454425811705926
-0.2525561663228706
-0.4542159237212662
-0.9058537643856437
0.7991822039610483
-0.8686867308056356
0.18517535460507495
-0.2702351599676125
0.6524394496257211
-0.4080861801278699
0.512401074924496
0.7712164258670837
-0.9176391944943363
0.9115628358206087
0.12468043177826749
0.20524387305466352
-0.48476548616431203
-0.5858523897901413
0.7288594976750487
-0.5003780222999932
-0.3990560997219317
-0.2700433598011387
-0.48335923155345983
0.7628087602733888
0.9816609943469428
0.7013030460347163
-0.6099855977899884
-0.4452185054724749
0.6992329421077166
-0.055451779060120776
0.5724228422878697
0.2755030123810376
-0.8829369444934994
-0.8684038028999175
0.7887421250961357
-0.10409723148381289
-0.9870153480240269
0.46107019207606914
-0.38836622188675873
-0.9170422382147148
-0.5897316875188119
-0.4187370634254046
0.75503092531972
0.8099267883202226
0.38238098668010667
0.16429087330809522
-0.6274120317053224
0.1470151839041396
0.14587824396199678
-0.375853734578643
0.970825319148223
-0.6923673634894467
0.2387081665034716
-0.9199793551356905
-0.24642848727746158
0.6500248411692489
-0.6832317213377763
0.27264235019047756
0.3396523970916674
-0.870291426924376
-0.3515982798898061
0.5674868160716082
-0.2993968147508437
0.809148352717036
0.7931139052038629
0.8016055749411808
0.947990551413527
0.3117048913391576
-0.32005553513305096
0.6670765362668507
-0.07406773707065217
0.013200715570754529
-0.17471942845895394
0.6505118130124441
-0.6159414112784294
-0.9333005996624721
0.43323803613709244
0.3522328300267594
-0.5179105314182288
-0.02029012532968566
-0.43695978574063843
0.788150114734967
-0.5154242649094765
-0.6113980701733042
-0.29383378767645674
-0.8355173097336088
0.17173094374837627
0.28874384817675236
0.3067985035858811
-0.13817118491427083
-0.8512195380738192
0.36721944100672554
0.10044871064504624
0.13496642670369807
-0.22949286855132667
-0.4885933684232804
0.6644113809293986
-0.0485619837943132
0.6448755683414025
-0.27442262338118506
-0.5527515957839053
0.4717893902621668
0.6471066967583474
0.9433722569772669
0.6525790819112975
0.8196220832414531
-0.2188391306965327
-0.6468667695779198
-0.8679176772183685
0.33356099146080687
-0.31995159647656846
0.7797323316857412
0.4155883076333631
0.3254019668793582
-0.42304193951441116
0.37142108575426813
0.43373785502699014
0.2594135030178695
-0.6492060238230515
-0.03115171265392358
-0.2704889686511238
0.8666952341273808
0.9726662692440105
0.2634375492335663
0.49789069780927253
-0.3311403343359818
0.4257548507984297
-0.11840263442647303
0.41172713101654135
-0.431130020783584
-0.8723303487271246
-0.30985495661209117
-0.49768740794936783
0.039528156349843524
0.4166800542788647
-0.03829303622855118
-0.4342947616965316
0.42192861783037494
0.1778916542352229
-0.814067346474868
-0.9895084146565896
0.3008795075347832
-0.7714475453057723
-0.6409976387062721
-0.01253375295605319
-0.5473751909645617
0.9302363024144962
-0.4771032297944009
-0.08737985505105939
-0.6083209180366984
0.8910718512782767
0.8164758991959131
0.7123654358412801
-0.37611413185152687
0.8549484046138165
0.44423865952274677
0.3292010221401256
-0.2959880044113403
-0.4834129060673982
0.2824965219847957
0.013767478519001841
0.4681096523361139
-0.685492477850961
-0.12146531700918395
0.8379332434465954
0.3327869689860361
-0.931675418476493
0.4714831368849637
-0.4650094701985166
-0.87703009262182
-0.2686124076651957
0.4620623337079659
-0.7932682295860523
-0.4910176600253442
0.8940071081361458
0.8645666475727776
0.27633377277193105
-0.6683204640227232
0.8434257189267753
0.09503914229990773
-0.013260308001735943
0.9718641664187084
0.9248790167870524
0.9922753307110095
0.39056787763765
-0.6169150186049543
-0.8085974619492202
-0.8317154664748239
0.12510676467932758
0.9816425761183984
-0.7028502584616518
-0.6315011731440818
0.8257209107735028
0.6614438309904251
-0.9757737547382095
-0.7994505014117879
0.5775951793775485
0.2456308109747407
0.4333176302449957
-0.8792032644320573
-0.4603681306323597
-0.592259024864856
0.14063936938346044
-0.6348247679860044
-0.013281360447114032
0.27032296815734513
-0.1253545858035241
0.5904749117236054
-0.3541764020247127
0.6369753325775045
-0.8115890518041375
0.7919288632159585
-0.6300287306999579
0.15525727419075097
0.5507359102516398
-0.6121303233272237
0.7700920046914665
0.8116902920712294
-0.8557066599079506
-0.7264818347731472
-0.08263614246061968
0.6844793751814722
-0.9690282277779125
0.961231814153044
-0.43735141079543083
-0.7463901086160618
-0.022846124256534095
0.6619905749661938
0.5223282836792629
0.9332003788268404
0.2349906471887122
-0.027267561402953167
-0.2929088913467539
-0.3397603070859516
-0.25176768523640036
-0.7909128515358197
-0.6450149547383568
-0.9895399587401552
0.449472506886484
0.8155076824238137
-0.7191485204036052
-0.6090734790046708
-0.5277154663253085
-0.33411597114937397
0.17520244330668522
0.8468054094092243
-0.24585409438448624
-0.6119859981261331
0.7062794339655549
0.9998278758278993
0.180440417973736
-0.7806332033548968
0.1777065677252787
0.7351377930024852
-0.026326812132822397
0.6012382000423353
0.930472047708093
-0.8377033474112081
-0.6486205280637363
0.4254628250806538
0.5789454128776661
-0.2911403020491279
-0.36055462892750856
-0.38336664554921995
-0.2921908738547785
0.2005905845126701
0.19339746538018154
-0.24597867619550984
-0.61675180148938
-0.9221683380830199
0.6944093279840335
-0.24110538807325899
-0.7973454545305305
-0.8120250400606819
0.8128687078227095
-0.8678389932780897
-0.9105708145097955
-0.7914244876712544
0.32341557561111234
-0.15848793150576013
0.5566200906507488
-0.307067466549783
0.11285265572351677
-0.5997686685161587
-0.17668608670139618
-0.31256764635036105
-0.9968553971906813
-0.783275477550337
-0.10706951456797098
0.360817824135202
0.4616762088277997
-0.9886545619887763
-0.316907557677119
-0.33611573686968765
0.7443621419585407
0.886524924806062
0.3481184658452985
-0.1992442010400366
0.0914505771168681
-0.718886468557187
0.7885886794539347
0.24489140671963971
-0.9342097622416841
0.1770027600152062
0.09653149112433668
-0.503756451977609
0.694455102749082
-0.14627761319914545
0.041931852008757264
0.2507442981664887
0.7765032599400512
0.1028307238799182
-0.8412984611947125
-0.10294014748411406
0.6949380528540001
-0.6655135676847832
0.9636323950456736
0.4376528019776895
0.027658557224711
-0.11336147520435413
-0.46671234253937754
0.09618976376934985
0.685146198616656
-0.2781545317537315
0.666430381040567
-0.9774292504775237
-0.909341948360116
0.003696870589517731
0.07199419714662914
0.43203064344008624
0.24694042201766764
-0.025694440719974176
-0.8713397968576446
0.4536053113046996
0.3731324894615329
-0.326698045663119
-0.1542233280265044
-0.8093791184494099
0.17734791808360573
0.38281725418517354
0.4713452379913039
-0.8516869312966471
-0.366748366257738
-0.05746922977112101
-0.2623343370604738
0.4141829396430208
-0.3351611617651076
-0.1149460656986343
-0.9576459413232077
-0.5880221008807287
0.5276428970567717
-0.7926151226802367
0.07441837636841075
-0.5248475046018743
-0.34306783495413007
0.30715173600468737
-0.06603117225011323
-0.25131426866173734
-0.6306496097447307
0.14319100481682212
-0.09164628255964291
-0.695519605779757
-0.39205017153137534
0.866733001135537
-0.4128110396756477
0.07970954632122318
0.8796493705449839
0.7060124295162025
0.8836904583514127
0.1773664225629319
-0.16973349830821127
-0.0914138708109784
-0.42564405799374283
-0.23996147762559406
-0.9448487311907201
0.6673623167359437
-0.8090319701171611
-0.9279491085657348
-0.28425204071172705
-0.9945351714446147
0.29241989527556345
0.7976897823787199
0.5813889113331014
0.36076689051325994
0.3351579506927804
-0.32294522354537203
-0.6107068543044034
0.003246415733066943
-0.312112836908367
0.8227800699813341
0.3304004151512454
-0.17801228398543323
-0.4444517063508604
0.041818062482639196
-0.008215785079966897
-0.32522127151240743
-0.9917051782996587
-0.8414435036588315
-0.34305262978036644
-0.997611396463953
-0.9367774568732155
0.31564650723935217
0.14679583266910057
0.8836504811838133
0.1503620794673466
-0.9879348417294813
0.27611048180340947
0.2258617417793578
0.23125341267152422
-0.8000539937496802
-0.2301430360539516
0.7144250139216541
0.7050969876457369
-0.19647623848868534
0.640020560855932
-0.5235755706480636
-0.16085319545888033
-0.9062809395203781
-0.666297048763947
0.39467401538402
0.3174230912474272
-0.35971711372994286
-0.370844893453117
0.8499217427307262
-0.445060578496167
0.4635165671103174
-0.9054682102303178
-0.43315329166733885
-0.1824770976807879
-0.9138437375698094
-0.45150113037834516
-0.8692611501385861
-0.6014166732183845
-0.7718270712117616
0.027504218067517128
0.2445796707282566
0.16955001103563072
0.4149413816308878
0.2814445888242214
0.15489403474832386
0.8871254036526173
0.8932336382244819
-0.6195431006321488
0.7161372293660375
-0.5129661804064949
-0.5422533242426506
-0.6885006532110811
0.575835927579484
-0.5195841009862106
0.19234917571396015
-0.9609268687245109
0.5417935376105922
0.9499163175291028
0.9578356560829915
-0.012056853452542482
0.14847152686853882
0.16434410719465875
-0.7183765031658051
-0.3757979834806513
0.8124058728535037
-0.11663766948734056
-0.02791041206451972
-0.48346951514716574
0.39172367949240106
-0.3519797156770639
-0.6871704554372691
0.7473300527435778
-0.41226838157764645
0.19506697588284205
0.7191873511543274
-0.5835479729885049
-0.30748520111384403
-0.051216366010329306
-0.8107506597558105
0.8700664573181538
0.7294684629453558
0.27463474981350533
0.07049586036807876
-0.9353667967913946
-0.4028653069087036
-0.2006288973201189
0.6408340030919129
0.6627380274645387
-0.8805928069586979
0.4986293975083149
0.1140727531778376
-0.1551632919179411
-0.28805106025723726
0.16650553795008816
0.34638207810097654
-0.1412189782223967
-0.6603144513463781
0.7919787640433753
-0.0018204798101006947
-0.9451604557428146
0.3533363689115847
0.5257867305502291
-0.16879672325517237
-0.6825410911002876
-0.5945367692302406
0.15219425771412287
-0.06303831716550623
0.25216648451749424
0.45717367224953254
-0.9167150615573596
-0.8017426716280474
-0.6874139003307456
0.9895024861156825
-0.8774634784871658
0.09809307356199803
0.07350777555218291
-0.15523820064947613
0.7751542872670028
-0.8859376933390173
-0.21486637043664203
0.792447687735931
0.023571325053226566
-0.8566991311519088
0.27544914364560547
-0.32817768526863733
-0.31926746721480104
0.25420662288489715
0.8801579979436343
0.9501745847102612
0.4747382038207437
-0.6473124239298551
0.4152801991342703
-0.6804263765054497
-0.650657691723439
0.39125149660071634
-0.38072123030047544
-0.14706563668418027
0.048111897387779434
0.6820838709984767
0.708942015238532
0.675874176351551
0.6184911400523758
-0.7092027362303763
0.4734849614997667
0.3646273101522821
0.7761845138512724
-0.9160724002046259
0.8143041403587297
0.1465333989310491
0.4746465343462165
0.31283920225953055
0.6634736736994309
-0.17657490681884047
0.6678090778434347
0.6249857180514162
0.424270492477391
-0.4829007352960786
-0.2768246062921538
0.38052466884025526
0.6698429325654396
0.9725660341091449
-0.3699090214389895
0.46278179424888477
0.1368285620874432
0.03147633515811221
-0.4433060722287965
0.8835392108450411
0.9705165659996549
-0.6373233295980991
-0.6722508971585346
0.07844692753242999
0.7116209528178814
-0.7089850560643964
-0.5188429616139247
-0.6395513009524632
-0.6441489735695489
-0.17258516534255164
0.1839789617565435
-0.5080635759071659
-0.8973361467281185
-0.13314752892103487
-0.8344841383909201
-0.9843609686684098
-0.26422801636981585
-0.3620619437904429
0.7674423864968953
-0.4116317928318285
-0.9742410808401547
0.3642741195330996
0.1386885988480755
-0.4763660980404423
0.12379861555538163
-0.33041263174280733
0.8357105290178712
-0.19657581926613332
0.4848120593590268
0.11461929903838342
0.6683596672938905
-0.7324197515213993
0.695132052196332
-0.014413753541915764
0.396220141837089
-0.9912925130408643
0.885488236351742
0.6519944317951765
-0.7358278301906496
-0.3808015651549015
-0.6959591288113325
-0.6035339542722553
-0.5205722164459965
0.5079325194223117
-0.7484638863184545
0.33863508262793274
-0.9147013031856099
0.05206520007345805
-0.04538652915143726
0.11034675962263085
-0.26641548682573846
-0.03703979356201437
0.8972179679216141
0.25396848754008206
-0.06395280706654982
0.8345557955870648
-0.04332970504278544
0.013217580145732155
-0.978138190557815
-0.3002211543918143
-0.06886789215464795
0.6936091706558465
0.9738505573655152
0.9841559112150313
-0.2661394484707327
-0.08474009376532732
0.5202923532263872
0.033521108893778795
0.7948715417293408
-0.28831071228933247
-0.30777576436355614
-0.4692443535489814
0.7061055914356611
0.976587917471945
-0.3664113674058729
-0.28940019757306157
0.4837998535060204
0.7551941086574496
0.0910470807372632
0.1587325943525444
0.7644255232163133
0.8999741714992455
-0.6006831531914769
-0.5386781413553106
-0.31421374158834436
-0.9199986126157731
-0.020492196519501293
0.44515778962692676
-0.5761206343223915
-0.3937616823754675
0.9811957000982141
0.6099396865735067
-0.48238578768608886
-0.17021638830284802
0.9195741844981538
0.5181203833239676
-0.5061684747951549
0.6170717157777497
-0.7382806396026604
-0.364957710185734
0.22908758961683828
-0.40580017456032036
-0.4575670025578207
0.1355345453957788
0.5462820857073551
-0.4739986933800129
-0.12896272621279614
-0.42242794649174664
-0.15440274337022197
-0.9565463360825035
0.45751331612101453
0.9671871334138242
0.3050341345885055
-0.04653212153993058
0.7998270878303066
-0.8886272157659518
-0.25371727910932074
-0.9134338826819752
0.7440764856471238
0.9656001868478659
-0.8128233082104048
-0.6977147499404663
-0.3204070531267933
0.7492093930684487
0.5827762459269208
0.3592454453822487
0.6891884026095338
-0.8453187781719365
-0.4445861072974837
-0.40436234133177873
0.551422363397102
-0.8765890823571993
-0.5557635482640573
-0.0874651618766189
-0.4777933556436691
0.9593608547291281
0.47976975814153944
-0.2152428159548494
0.25326735752770047
-0.0659109253274972
-0.23535912980516516
-0.22568081522586247
0.5572599510540985
-0.25101160819135004
0.0008688520088544482
-0.2048243866120305
0.7244000632640293
0.6171871585505719
-0.15831809163373012
0.6203747736331964
-0.35662528933556903
0.7080987354400401
0.10975276982794324
-0.4103952801689761
-0.13862863032057327
0.9775526451546361
-0.7008338026922631
0.24864347687274124
-0.28815498772534087
-0.07373985559683183
-0.08386227975510341
0.04857494601233259
0.31279732149593564
0.23429935138763325
-0.37837470182891075
0.7645811245748193
0.9447148830614918
-0.8983316147792852
-0.7613352936807316
-0.31242948979743157
0.15694783301091464
0.7862595447615095
0.4339464143465588
0.9738844786731276
-0.21515359318070182
0.43357345760213684
-0.6270783369963715
-0.14564697837006357
0.4814539948966867
0.8132806489519899
-0.4243024428471993
0.5834030533823151
-0.8719179297323532
0.00020697765902255583
0.48779042614525303
0.9988109248003301
-0.10668768310605925
-0.6825677447954952
0.44796022977387095
0.43002139430444086
-0.7843431640807934
0.26149011123197585
0.63014683999509
-0.2602387380891855
0.9316308962853004
-0.2832358953384355
0.9191911246830731
-0.3221740337531147
0.8228899249943462
-0.9915347196673288
-0.9598025092375349
-0.36361847992096674
0.5069532068414184
-0.17658486921544747
-0.2778869726744648
0.18532418198311684
0.12089172063998865
0.6398787131872625
0.8393524998963822
-0.8047493394620897
-0.8122599332464924
-0.3796262558499781
-0.8499332763816037
0.5741910658682368
0.3284424548732048
0.34863956256804673
-0.11258569477485558
0.28434681769152603
-0.6700829027262449
-0.5142818139964065
-0.2576490959242226
0.10691546000597985
-0.18135090330400017
-0.4544521679257305
-0.7153087297054841
-0.5324444353007607
-0.9073703798413628
0.7173056918730101
-0.8084269200284557
0.38068053472526775
-0.40308401938838667
0.6254459743442322
0.06456484782451843
0.9464948177314731
0.02759536743031399
-0.8609683351134501
0.7127414501528913
0.3285117001535045
0.4172365588941058
-0.5310913760489797
-0.2698042410232864
0.9111180527514817
-0.6008986744235878
0.3540888506876563
-0.9855961432517939
-0.0739652818299339
-0.8761926245971026
-0.3024576549355149
0.560875384572082
-0.7979723835801134
0.7552925114008298
-0.28972590042745505
0.9438223333964477
-0.2316777287071674
-0.020596123252117904
-0.10435369190586519
0.3878678488157137
0.33762537206488696
0.4427750447358463
0.4150551634969304
0.0273579031940252
0.3535303171537114
0.5724493769800285
-0.09870955157000894
-0.25149005588246953
0.8774463639020178
-0.9271657433439602
0.4179016173434251
0.5842456090287582
-0.963081069295167
-0.28088021860881707
-0.6997560195292243
-0.2583154705430484
-0.46822130767440173
0.1383958155258418
-0.2743220036672356
0.14885130155093362
-0.17082889691586756
0.9217639956179207
-0.7653304790249598
-0.1922046263282864
-0.4521217839520766
-0.9216432338536051
0.7197373712151238
0.6585322301666829
-0.5099412705148134
0.23154905341522358
-0.7966098657678808
0.0823420889789972
0.9142575706683036
0.7132877646608724
-0.30766669064103236
0.35418086198945375
-0.5583423974086832
0.4728991248589727
-0.5902234928713537
-0.220167333376184
0.05676281037710185
0.5459695219359637
-0.7147191937226507
0.04131983558452301
0.5184461366339272
-0.8395589833804895
0.24739636081792504
-0.8950039870734197
0.2522522005888608
-0.23245062184063592
-0.34230244490003847
0.17929423953187085
0.7028302699496114
0.6445868836160797
0.1274263094636532
-0.44056191730320937
-0.321558776259496
-0.020241372528048585
-0.45466851392398056
0.8370883747098208
0.7302770711753812
0.4696724171084836
0.5248437730176196
-0.8936698885953762
0.5033793869414898
-0.23575380538735558
-0.34464297118315357
-0.42424873354349146
-0.21080585326850554
0.04631396447506786
-0.05414430129911518
0.11044298943189723
0.6348217727137972
0.6061989421641139
0.08318102474768363
0.14728742327009892
-0.3989061701276846
0.21132469854271685
-0.06989253067957724
-0.7220621649755048
0.021820638748673016
-0.05182956658173077
0.8726699077732214
-0.40502496993528503
-0.36611865637348817
-0.1987571905051515
0.6878268091909339
-0.9375347575189743
0.0674603268994276
0.23912753098499562
-0.10393720797682526
-0.18177649953499575
0.6858432873632225
-0.5700639917297177
0.6351734056439842
-0.5314437659821598
-0.9648708212945223
0.2485049093060263
0.6814635830777422
0.9641364320828141
-0.35257048167300686
0.2955184796861188
0.6834445438683632
0.27645069874824313
-0.5510718836952087
-0.4841997055030771
0.7790903754983627
-0.5434130656499787
-0.13388988003939617
0.6542189311888229
-0.2578938819957768
-0.2834361677983104
0.2707812356570791
-0.5873900287417633
0.18867557218356845
-0.7717205927202186
0.28340536026352603
0.5837207742731294
-0.09289477012948066
-0.7585759995941201
-0.09601855750138566
0.7829817676972892
-0.845265636749678
-0.10773997627565479
-0.7040706670068877
-0.2639676707099059
0.06789927763661363
-0.9850065434616861
-0.2975958620058097
-0.121509804237794
0.6102124529499908
-0.8495473715256872
0.37733486960436324
0.5910231563334856
0.42799121648296823
-0.8884347821634857
0.08360924721714702
0.7120025893383846
-0.23643029875293742
-0.4511660780874194
-0.20386298073378262
-0.7484037529766097
0.23094578333188354
0.5798527268587323
0.840066322801502
-0.3762373049446943
-0.0696601185094865
0.21800034864856488
0.1302348203723227
-0.24935660724447017
0.4306080663874048
0.03024477363058864
0.59370706379215
-0.3964340377374469
-0.11546397143747078
-0.01562696858498991
-0.22738855895192978
-0.30419760202092094
0.22090865943380922
-0.8396167586520751
0.22042675723475225
0.20531021039871145
-0.10624718992879378
0.01801137891053939
0.9440617295672407
0.2866980091750333
-0.7813876382482932
-0.4816813367412811
0.17748990148846744
0.23586160860323724
0.04027593584488254
-0.9632284326122831
0.36500740775745655
-0.41385810897497444
-0.6982125308428635
-0.3252500428312539
-0.058637526683970265
0.3087372272414213
0.7799183822060392
-0.544729224367607
0.8385887480491929
0.37512365909476575
0.2657197290388573
-0.2241085078834424
0.09419058800632851
0.18440228932691372
-0.5595739047432406
0.8800371983425614
0.7328027352855975
-0.01851612696760019
-0.19505819714448025
0.661877104728239
-0.4267437413914077
0.8500125407695269
-0.3551579526227009
-0.7474006751213329
-0.12125048660559035
0.6533735193955499
0.5641313786776272
0.2757449089824795
0.874687945790555
-0.14565266352104667
-0.19923769053834972
-0.45789639797821957
-0.7633100822190544
0.9787001755208755
0.7273686909677848
0.2669998533972133
-0.1738399769810779
-0.9288976572562557
-0.6620056415910407
0.7431781097343808
-0.9850617024838499
-0.3918701865837124
0.08916324702352973
-0.5764040316222152
0.7514664825637303
0.3789611312845731
0.43463357755538623
-0.9693432982904082
-0.0779156390033251
0.12810671924644357
0.39624311873724904
0.514731743980424
0.10353366109825468
0.8326419454866523
-0.33605781627801523
0.7105896934834302
-0.8385608467036976
0.9555374458402361
-0.21142552946004423
-0.8459017370852715
0.29111009616843786
0.5151519351643703
0.6769526886658159
0.6073057864224713
0.7239825781946383
-0.7306172792571226
0.20112460898816442
0.6201916949904727
-0.9091851538562121
-0.5991368958532088
-0.6939450686629249
-0.14871739124619343
0.5693868324435354
0.6915624117063184
-0.11849907684572081
0.17252109472198107
0.41042085390064953
-0.7868255240357527
0.853778379836674
0.6664865264699562
-0.8935679216427255
0.5244970204539587
-0.1457595942703398
0.42898794693495446
0.8928387531555002
0.8535636976212357
-0.3228005862617773
0.0598383384401886
0.1098510615674344
0.3431498456402404
0.854852776801599
0.692718378985697
0.6926731891242743
-0.7267645144125914
-0.6832647580510429
-0.32214945858929367
0.2936291684552841
0.19990697864560314
-0.725630889918164
0.4815257312350718
-0.12593955437415194
0.35997603128512035
0.49418169446340143
0.18948167139333894
0.6205463074162605
-0.40930786926678464
-0.06465817202134816
-0.1544975661849246
-0.30095589917254206
-0.6534968139633355
0.2644976499289271
-0.26625575631123577
-0.060132492326269826
0.6358048781650152
-0.22531292426020522
0.9299765573692269
0.5995913811834876
0.7355548619953076
0.2566781872166828
0.8522744762746024
0.546679520851324
-0.8339994899377103
-0.09186120469677883
0.5790270387953989
-0.5681587034659676
-0.08659961542223726
0.7184730119217666
-0.4880682383850581
-0.22149652430156497
-0.6287795881876892
0.016799520868672202
0.8906395646078114
-0.43368789936377583
0.8256634197233368
0.19986090930286315
-0.7396680668874906
0.061812970509907084
-0.08819345833166747
-0.9025930743859947
-0.1274912267714723
-0.8230181022017278
-0.575190630890507
0.8182182161146385
0.8773862683294504
0.4683174988980303
-0.2529848826698724
-0.5810773939912184
0.567186996091964
0.10055398778466218
-0.3454226762358479
-0.9006164788079367
-0.747649468114137
0.7161654335492249
0.09718395932080326
0.6227730716267359
-0.6986112569401888
-0.34911970270803017
0.7605837256214336
-0.14397001893774974
0.8606481810909226
-0.09313483239401488
0.2523802154916137
-0.09399623963574011
-0.5042621386531525
0.6676674679014885
0.3832200597728461
-0.7753801928618775
-0.07126983324576242
-0.1784979234990689
0.8267094926713978
0.07613772667167673
-0.5747024088703878
-0.41101048788655326
-0.4839033535482511
0.7442498680736795
-0.8905606547067413
-0.2378905290926241
-0.20653411860386184
-0.9210620675036962
0.4188083516016028
0.3036911649892391
0.8740641193626235
0.8848286008976494
0.579884316424188
-0.9519524709517837
0.8206033713924337
-0.9259714113644695
0.14176819398105178
0.13657240139266036
0.7617155447838855
0.800743664415956
0.2778025649414888
0.7762572965692407
0.8828528971373542
0.4223583764829377
-0.5383276506772818
0.7739027123250029
-0.11113445029733127
-0.2424426295697204
0.26663126092955824
-0.7516231487023
0.5071165349737328
0.7824718039890664
-0.5864546266179174
-0.4253333486376669
0.5708422376158244
-0.951876977955286
0.007523586666665194
0.3287103522293011
-0.10930352200031401
0.5227276254788584
0.44242415205268193
-0.02207893616539236
-0.7790579126545207
-0.4471719401851122
0.362155039970234
0.3631601750000091
-0.16602829335671454
-0.6752106270881872
-0.4976235546139691
0.1500294802944364
-0.36348099896174024
-0.2846355453689937
-0.42447940145012897
0.7379349570313694
0.35894551369024197
0.768529160351193
0.039988257141970296
0.17833710242831602
0.23869396075696203
-0.022374767329062184
-0.025437307556834154
0.6749978813175717
0.06136514866832421
-0.6581985597766622
-0.9756649403680493
-0.14011545455304963
-0.6480838529315602
-0.18430163331059002
-0.48862461413626934
0.4312081223195725
-0.4133723548092527
-0.9983609642465028
0.0892206972910472
-0.12299045567712441
0.38880016655685656
-0.14308765930583411
-0.23811282489356644
0.08282637907003831
0.281810865581273
0.33417533626155005
-0.9391092244710775
-0.18702988472124282
0.9885766468990795
-0.577665729657038
-0.33896598305901904
0.02212660115907572
-0.1421838617704203
0.4447710840599781
0.770368707730551
0.9022918819879988
0.6692341088001796
-0.21293810316950634
-0.31733911566182793
0.8508084479221638
0.12940615580663373
0.334234117381339
0.7429637744798183
0.40864080471775344
0.4285580967034872
-0.281048351847341
0.3563146469348897
-0.04403803847460663
0.12368995284575734
0.7124772890893636
0.043966701631285465
-0.16091742898884553
-0.7635301299330985
-0.33284711027343583
-0.04342366223209404
0.8304797653707869
-0.734029161645223
-0.5528256028182605
-0.7187636442860967
0.41740842358895525
-0.4722104702560477
0.5906105474239125
-0.7105279188315838
0.6101195900057645
0.510635436838585
0.50346473088549
0.6958279724133369
0.6948066952937553
0.9050976941300846
0.19772217111508694
0.6858392826337396
0.3116322479487892
0.4112085153736509
0.5028869802723661
-0.32593280506059785
-0.7527589380744597
-0.4828856177852776
-0.7698930903742622
-0.38475391390059954
0.6792848000306049
-0.2132085724147328
-0.40322500771492287
0.8766812443596732
-0.26626467965668743
0.7075497741005206
0.5175223225258634
0.988707444621201
-0.816648933561755
0.01983524001946324
-0.9759626787586344
0.6557859725366779
0.13664419243783255
-0.4405442294086044
-0.9520095135874445
-0.9660423599148524
0.6687551835867531
-0.852409446001249
-0.43990772786780985
0.2622534787410997
0.3592242633111442
0.3610173155165959
0.5926626056491484
0.07493967746037922
0.364813048520114
0.23426191624198767
0.36839570915350617
0.15451094142357302
0.2836379814515966
0.6568262766481605
-0.12102127660301898
-0.8147556709672825
-0.9659455100921768
-0.34445158621844874
0.1396792619717966
-0.9066913410104609
0.0798095259123377
-0.2506394602421127
-0.8725673828935312
0.015773191372956408
-0.08807322270858076
0.40215822376149957
0.4808019404871058
0.7958995536098099
0.08266276226040081
-0.5805262034626228
-0.8402571614348737
0.5362430547763171
-0.05659471416216899
0.6115182439128846
-0.6793519649436335
0.14231363381218887
-0.5182790490098281
-0.4356193027052022
-0.6158237299275775
0.6168360706426013
-0.05225651263114495
0.5591575869191256
-0.8733340510658103
0.07327495112112348
0.8280212659502562
0.9747485428460219
-0.541661720865884
-0.5272336372361202
-0.03989697892408128
0.2608031765103309
0.8198908330446351
0.7427057617063155
0.012118267637951874
-0.7654321919387388
0.8237631220372044
-0.5330584974990882
-0.8086923285636918
0.8219870393006652
0.011305153981089111
-0.07253295172744245
0.6666678333244382
-0.5738874554972928
-0.7442023356513161
0.3349625748549827
-0.14483919516461996
-0.8180278219051085
-0.385428227223481
0.8826626371584527
-0.21937123337818276
0.4851670146971572
-0.0644842732684443
-0.6341480728043412
0.8154761518568026
-0.35546330557764816
0.6134576617111085
-0.8910198486087113
0.4042951543190665
0.6045318929170533
-0.9314158230934306
-0.4677134111812895
0.15040781227103017
-0.9215335709348988
-0.26644444077331686
-0.4373102829980893
-0.13027770866786326
-0.016411816264203072
0.5595397959739605
-0.8641965362321651
0.23019334841381323
0.4197343299066001
0.8674674455848894
-0.24069410152424764
0.35157550017631456
0.5532428162740604
-0.24553476212338965
-0.8513999263664933
-0.6386154573140701
-0.8792625901637403
-0.5148825446400769
-0.3402162941336526
-0.6471141076369022
-0.19265668591456464
-0.2682484396085525
-0.47021219285074434
0.29289074562927553
0.21843589187771673
0.8344378062139306
0.06622237498330841
-0.1622721491156589
0.6107982272997092
0.08749235033666936
0.9409739647516977
-0.22138432763535443
-0.9153719118198582
0.769605562357307
-0.15471048185026315
-0.3582508420454813
-0.9877940359864767
0.8704649670062286
0.7306419475366146
-0.16233749597657599
0.9100179631799505
-0.7959993357376685
-0.6970799093723403
0.00803863797629889
-0.3415665432641002
-0.10994484485522404
0.6151463722620365
-0.1154913002410225
-0.1956286994009795
0.3539384812343218
-0.1567706671821587
-0.3525461990262593
-0.6091030719105994
-0.41343402100954485
-0.9189576099205026
0.07775173424859383
0.23553391601827522
-0.6180919089967056
0.05051684086516994
-0.2476672605606003
0.6320535243429872
0.8168596939743302
0.5506690301143731
0.9007019379148953
-0.4241371861742551
0.8977437762820466
-0.47701247581656214
-0.41397675145763757
-0.09335156000813383
-0.45512737991397323
0.4825382287444886
-0.4243294247408549
-0.31331854525893443
0.17454100381788074
0.36220947904179335
-0.18588648544463449
0.2406987805653682
-0.29864918901002824
0.5754555438485394
0.056032139735072484
-0.2629665250181461
0.6390919227870111
0.05951092455239859
-0.6030038252879528
-0.9527369169543485
0.18044773588149998
-0.8950003188972464
0.07150683365993915
-0.6180368353274135
0.5926161623094668
0.8173095794166618
0.50227084240602
-0.4920530474371323
0.5671526090226076
-0.993753629453334
0.7438778786311102
0.1788298668198085
-0.33886604261654774
0.4856641985003598
-0.38901189018275684
-0.8480875403559853
0.5618444254426662
0.8515005727210077
-0.22833904751219558
0.5968652479600365
0.7982719377835177
0.3242753353805843
-0.4400088199488472
0.5269959253145682
0.7394351618106481
0.4729875578582301
-0.05482328579197593
0.930288674894787
-0.5735877206946491
-0.5304310699394921
-0.7578033650255693
0.27641545679710156
0.3530386460861392
-0.5428608341680403
0.2918857153588734
0.982182500249644
-0.9671380371403913
-0.9642805311453444
-0.11517771942446076
-0.4468034142808346
-0.2733226418484689
-0.9296253428196741
-0.7191328749869208
0.9398285969661837
-0.8497388974053648
-0.702591247824307